0.00097656,113.31
0.0019531,114.73
0.0029297,113.87
0.0039062,114.25
0.0048828,114.52
0.0058594,113.66
0.0068359,115.44
0.0078125,114.37
0.0087891,113.15
0.0097656,113.79
0.010742,113.43
0.011719,113.41
0.012695,113.2
0.013672,114.82
0.014648,114.64
0.015625,112.77
0.016602,115.09
0.017578,112.46
0.018555,114.56
0.019531,114.36
0.020508,115.44
0.021484,114.53
0.022461,114.11
0.023438,114.47
0.024414,114.29
0.025391,114.11
0.026367,114.18
0.027344,114.35
0.02832,114.71
0.029297,114.98
0.030273,115.15
0.03125,114.54
0.032227,114.09
0.033203,113.94
0.03418,115.06
0.035156,114.52
0.036133,114.48
0.037109,114.51
0.038086,114.09
0.039062,114.04
0.040039,113.5
0.041016,114.44
0.041992,115.17
0.042969,114.53
0.043945,115.23
0.044922,115.56
0.045898,114.12
0.046875,113.65
0.047852,113.59
0.048828,114.56
0.049805,113.95
0.050781,113.98
0.051758,114.54
0.052734,114.47
0.053711,113.56
0.054688,115.2
0.055664,114
0.056641,114.02
0.057617,114.01
0.058594,114.42
0.05957,114.37
0.060547,115.49
0.061523,114.35
0.0625,114.98
0.063477,114.03
0.064453,114.9
0.06543,114.71
0.066406,114.71
0.067383,114.1
0.068359,113.84
0.069336,114.22
0.070312,113.88
0.071289,114.76
0.072266,114.73
0.073242,113.96
0.074219,113.45
0.075195,113.27
0.076172,114
0.077148,113.87
0.078125,114.88
0.079102,113.23
0.080078,115.18
0.081055,113.91
0.082031,113.53
0.083008,114.06
0.083984,114.92
0.084961,115.43
0.085938,113.43
0.086914,114.89
0.087891,113.92
0.088867,114.52
0.089844,115.09
0.09082,115.29
0.091797,113.93
0.092773,114.11
0.09375,113.99
0.094727,114.34
0.095703,115.72
0.09668,114.35
0.097656,113.82
0.098633,114.33
0.099609,114.44
0.10059,114.62
0.10156,114.8
0.10254,114.09
0.10352,114.7
0.10449,113.59
0.10547,113.8
0.10645,114.21
0.10742,113.97
0.1084,113.83
0.10938,114.43
0.11035,115.04
0.11133,114.23
0.1123,114.98
0.11328,113.87
0.11426,114.47
0.11523,115.56
0.11621,114.18
0.11719,113.2
0.11816,113.99
0.11914,114.71
0.12012,114.75
0.12109,114.11
0.12207,114.04
0.12305,114.4
0.12402,114.37
0.125,114.74
0.12598,115.36
0.12695,114.92
0.12793,114.3
0.12891,114.55
0.12988,115.11
0.13086,114.38
0.13184,114.78
0.13281,113.31
0.13379,114.32
0.13477,114.4
0.13574,115.34
0.13672,114.51
0.1377,113.13
0.13867,113.7
0.13965,115.01
0.14062,114.56
0.1416,114.2
0.14258,113.6
0.14355,113.76
0.14453,115.11
0.14551,114.61
0.14648,114.17
0.14746,113.71
0.14844,115.86
0.14941,114.65
0.15039,114.73
0.15137,115.67
0.15234,113.96
0.15332,114.45
0.1543,114.9
0.15527,114.7
0.15625,114.49
0.15723,114.59
0.1582,114.2
0.15918,113.7
0.16016,114.23
0.16113,114.37
0.16211,115.13
0.16309,114.1
0.16406,114.55
0.16504,114.79
0.16602,114.86
0.16699,115.34
0.16797,113.96
0.16895,114.94
0.16992,113.63
0.1709,113.97
0.17188,114.48
0.17285,114.68
0.17383,114.4
0.1748,114.96
0.17578,114.84
0.17676,114.61
0.17773,113.85
0.17871,114.62
0.17969,114.15
0.18066,113.52
0.18164,115.29
0.18262,113.94
0.18359,114.18
0.18457,115.35
0.18555,114.11
0.18652,114.46
0.1875,114.33
0.18848,114.22
0.18945,115.16
0.19043,115.09
0.19141,114.92
0.19238,113.29
0.19336,114.3
0.19434,114.99
0.19531,114.59
0.19629,114.35
0.19727,114.65
0.19824,114.73
0.19922,114.45
0.2002,114.47
0.20117,113.19
0.20215,114.12
0.20312,113.7
0.2041,114.15
0.20508,113.79
0.20605,115.42
0.20703,114.94
0.20801,114.59
0.20898,114
0.20996,115.07
0.21094,114.66
0.21191,114.58
0.21289,113.77
0.21387,113.55
0.21484,114.58
0.21582,114.67
0.2168,114.37
0.21777,114.83
0.21875,114.35
0.21973,114.71
0.2207,114.53
0.22168,114.94
0.22266,114.26
0.22363,113.33
0.22461,114.51
0.22559,114.8
0.22656,114.23
0.22754,114.85
0.22852,114.41
0.22949,114.44
0.23047,114.68
0.23145,114.74
0.23242,114.5
0.2334,114.36
0.23438,114.84
0.23535,114.03
0.23633,114.27
0.2373,114.21
0.23828,114.72
0.23926,115.46
0.24023,113.61
0.24121,113.63
0.24219,115.07
0.24316,114.41
0.24414,114.14
0.24512,113.76
0.24609,114.47
0.24707,115.26
0.24805,115.33
0.24902,114.9
0.25,115.45
0.25098,114.46
0.25195,114.18
0.25293,114.32
0.25391,114.86
0.25488,114.24
0.25586,113.17
0.25684,114.52
0.25781,114.06
0.25879,114.77
0.25977,114.53
0.26074,114.35
0.26172,113.72
0.2627,114.35
0.26367,114.83
0.26465,113.84
0.26562,113.55
0.2666,113.85
0.26758,114.58
0.26855,114.74
0.26953,114.49
0.27051,114.43
0.27148,114.02
0.27246,114.02
0.27344,114.56
0.27441,113.96
0.27539,113.31
0.27637,114.96
0.27734,113.85
0.27832,113.88
0.2793,114.5
0.28027,113.81
0.28125,114.35
0.28223,113.95
0.2832,113.42
0.28418,113.95
0.28516,114.39
0.28613,114.87
0.28711,114.48
0.28809,114.57
0.28906,114.89
0.29004,113.77
0.29102,114.16
0.29199,114.2
0.29297,114.86
0.29395,114.13
0.29492,114.94
0.2959,114.55
0.29688,114.75
0.29785,114.58
0.29883,114.99
0.2998,115
0.30078,114.03
0.30176,112.68
0.30273,113.82
0.30371,114.67
0.30469,113.86
0.30566,113.71
0.30664,115.12
0.30762,114.2
0.30859,113.24
0.30957,115.02
0.31055,115.04
0.31152,113.88
0.3125,114.3
0.31348,115.2
0.31445,114.75
0.31543,114.12
0.31641,114.46
0.31738,114.6
0.31836,114.65
0.31934,114.4
0.32031,114.6
0.32129,114.76
0.32227,114.91
0.32324,114
0.32422,114.53
0.3252,114.91
0.32617,113.72
0.32715,114.81
0.32812,114.71
0.3291,114.34
0.33008,115.81
0.33105,113.67
0.33203,114.35
0.33301,114.91
0.33398,115.2
0.33496,114.29
0.33594,114.69
0.33691,115.16
0.33789,113.79
0.33887,114.69
0.33984,113.94
0.34082,113.64
0.3418,114.17
0.34277,115.43
0.34375,114.2
0.34473,113.73
0.3457,114.72
0.34668,113.55
0.34766,114.41
0.34863,114.21
0.34961,113.94
0.35059,114.97
0.35156,114.03
0.35254,113.71
0.35352,114.98
0.35449,114.94
0.35547,114.31
0.35645,114.62
0.35742,114.17
0.3584,114.31
0.35938,113.94
0.36035,114.7
0.36133,115.09
0.3623,113.99
0.36328,113.48
0.36426,113.76
0.36523,114.48
0.36621,114.34
0.36719,114.78
0.36816,114.43
0.36914,114.47
0.37012,114.71
0.37109,113.91
0.37207,115.75
0.37305,113.75
0.37402,114.07
0.375,114.37
0.37598,114.66
0.37695,114.95
0.37793,115.09
0.37891,113.35
0.37988,113.99
0.38086,114
0.38184,114.37
0.38281,114.71
0.38379,113.57
0.38477,115.22
0.38574,114.53
0.38672,113.48
0.3877,115.08
0.38867,113.81
0.38965,114.66
0.39062,114.84
0.3916,115.32
0.39258,113.21
0.39355,114.43
0.39453,114.45
0.39551,114.88
0.39648,114.21
0.39746,114.17
0.39844,115.06
0.39941,114.03
0.40039,114.35
0.40137,114.22
0.40234,114.88
0.40332,114.94
0.4043,113.92
0.40527,114.53
0.40625,114.52
0.40723,113.82
0.4082,114.15
0.40918,114.6
0.41016,114.1
0.41113,114.86
0.41211,113.96
0.41309,113.67
0.41406,114.01
0.41504,114.19
0.41602,114.76
0.41699,114.1
0.41797,114.82
0.41895,114.23
0.41992,114.39
0.4209,114.55
0.42188,113.79
0.42285,114.49
0.42383,114.9
0.4248,115
0.42578,114.25
0.42676,114.21
0.42773,114.01
0.42871,115.32
0.42969,114.58
0.43066,114.31
0.43164,113.77
0.43262,114.2
0.43359,114.46
0.43457,113.81
0.43555,114.03
0.43652,113.69
0.4375,114.18
0.43848,114.12
0.43945,113.09
0.44043,114.34
0.44141,113.48
0.44238,113.91
0.44336,114.19
0.44434,113.61
0.44531,114.82
0.44629,115
0.44727,116.18
0.44824,114.75
0.44922,114.4
0.4502,113.56
0.45117,114.49
0.45215,114.45
0.45312,113.84
0.4541,114.42
0.45508,114.05
0.45605,114.83
0.45703,113.91
0.45801,113.74
0.45898,114.32
0.45996,114.52
0.46094,113.66
0.46191,114.69
0.46289,113.7
0.46387,114.83
0.46484,113.81
0.46582,113.42
0.4668,114.32
0.46777,115.6
0.46875,114.42
0.46973,115.12
0.4707,114.51
0.47168,113.77
0.47266,114.36
0.47363,114.02
0.47461,113.86
0.47559,115.57
0.47656,114.79
0.47754,115.43
0.47852,113.94
0.47949,114.55
0.48047,113.99
0.48145,115.29
0.48242,113.83
0.4834,114.63
0.48438,114.78
0.48535,114.92
0.48633,113.77
0.4873,114.8
0.48828,114.16
0.48926,114.81
0.49023,114.55
0.49121,113.81
0.49219,115.14
0.49316,113.53
0.49414,114.73
0.49512,114.72
0.49609,114.49
0.49707,113.8
0.49805,114.44
0.49902,114
0.5,114.71
0.50098,114.63
0.50195,112.95
0.50293,113.68
0.50391,114.55
0.50488,114.35
0.50586,113.84
0.50684,114.67
0.50781,113.72
0.50879,115.02
0.50977,113.23
0.51074,114.75
0.51172,115.18
0.5127,113.92
0.51367,114.41
0.51465,113.87
0.51562,114.74
0.5166,113.34
0.51758,114.51
0.51855,114.11
0.51953,113.88
0.52051,114.93
0.52148,114.36
0.52246,114.25
0.52344,114.43
0.52441,115.08
0.52539,113.89
0.52637,114.08
0.52734,115.51
0.52832,114.53
0.5293,114.33
0.53027,115.24
0.53125,115.17
0.53223,113.69
0.5332,113.64
0.53418,115.1
0.53516,113.98
0.53613,114.14
0.53711,114.23
0.53809,113.8
0.53906,114.59
0.54004,113.52
0.54102,115.13
0.54199,114.77
0.54297,114.08
0.54395,114.22
0.54492,114.5
0.5459,113.98
0.54688,112.85
0.54785,114.32
0.54883,114.74
0.5498,115.63
0.55078,114.65
0.55176,114.5
0.55273,113.91
0.55371,115.2
0.55469,113.82
0.55566,114.03
0.55664,114.92
0.55762,114.81
0.55859,114.94
0.55957,114.98
0.56055,114.27
0.56152,114.76
0.5625,114.82
0.56348,113.84
0.56445,115.07
0.56543,114.5
0.56641,114.31
0.56738,115.67
0.56836,113.27
0.56934,114.32
0.57031,114.16
0.57129,114.04
0.57227,115.37
0.57324,114.12
0.57422,113.29
0.5752,114.61
0.57617,114.98
0.57715,114.9
0.57812,114.81
0.5791,115.31
0.58008,114.03
0.58105,114.39
0.58203,113.74
0.58301,114.86
0.58398,114.72
0.58496,114.28
0.58594,114.89
0.58691,114.13
0.58789,114.6
0.58887,114.52
0.58984,113.51
0.59082,114.15
0.5918,112.97
0.59277,113.88
0.59375,114.12
0.59473,114.09
0.5957,113.78
0.59668,114.53
0.59766,114.45
0.59863,114.04
0.59961,113.57
0.60059,114.3
0.60156,113.95
0.60254,113.79
0.60352,114.62
0.60449,114.16
0.60547,114.45
0.60645,113.93
0.60742,113.82
0.6084,114.81
0.60938,114.47
0.61035,114.4
0.61133,113.4
0.6123,113.83
0.61328,114.54
0.61426,114.74
0.61523,114.64
0.61621,113.93
0.61719,114
0.61816,113.97
0.61914,113.96
0.62012,115.29
0.62109,113.57
0.62207,114.13
0.62305,113.6
0.62402,114.31
0.625,115.15
0.62598,115.31
0.62695,115
0.62793,113.8
0.62891,113.86
0.62988,114.93
0.63086,115.61
0.63184,114.22
0.63281,114.4
0.63379,115.33
0.63477,114.58
0.63574,114.07
0.63672,114.49
0.6377,114.21
0.63867,114.53
0.63965,113.72
0.64062,113.26
0.6416,115.07
0.64258,113.4
0.64355,114.88
0.64453,115.03
0.64551,114.59
0.64648,115.15
0.64746,114.96
0.64844,114.12
0.64941,114.35
0.65039,114.05
0.65137,115.33
0.65234,113.95
0.65332,114.53
0.6543,114.79
0.65527,114.02
0.65625,114.65
0.65723,113.53
0.6582,114.05
0.65918,114.26
0.66016,114.85
0.66113,113.64
0.66211,114.13
0.66309,114.61
0.66406,114.67
0.66504,115.01
0.66602,114.81
0.66699,114.65
0.66797,113.79
0.66895,114.56
0.66992,113.91
0.6709,114.55
0.67188,115.12
0.67285,115.03
0.67383,115.11
0.6748,114.42
0.67578,113.73
0.67676,113.98
0.67773,114.29
0.67871,114.85
0.67969,113.79
0.68066,114.56
0.68164,114.67
0.68262,114.03
0.68359,114.94
0.68457,114.6
0.68555,114.09
0.68652,114.94
0.6875,113.34
0.68848,114.21
0.68945,115.75
0.69043,113.76
0.69141,113.43
0.69238,115.07
0.69336,114.12
0.69434,114.71
0.69531,114.36
0.69629,114.15
0.69727,114.47
0.69824,114.47
0.69922,114.16
0.7002,113.98
0.70117,114.95
0.70215,113.67
0.70312,113.9
0.7041,114.31
0.70508,114.07
0.70605,114.13
0.70703,114.49
0.70801,114.06
0.70898,114.86
0.70996,113.82
0.71094,114.47
0.71191,114.62
0.71289,114.14
0.71387,114.15
0.71484,114.87
0.71582,114.52
0.7168,114.56
0.71777,114.66
0.71875,114.54
0.71973,114.49
0.7207,114.61
0.72168,114.44
0.72266,114.38
0.72363,114.06
0.72461,114.68
0.72559,115.37
0.72656,114.54
0.72754,115.78
0.72852,114.98
0.72949,113.76
0.73047,113.47
0.73145,115.63
0.73242,114.73
0.7334,115.39
0.73438,114.06
0.73535,114.37
0.73633,114.83
0.7373,113.75
0.73828,114.72
0.73926,114.37
0.74023,113.92
0.74121,114.49
0.74219,115.2
0.74316,114.65
0.74414,113.55
0.74512,115.39
0.74609,114
0.74707,114.63
0.74805,113.83
0.74902,114.65
0.75,113.81
0.75098,113.09
0.75195,114.25
0.75293,114.82
0.75391,114.57
0.75488,114.08
0.75586,114.64
0.75684,114.93
0.75781,114.44
0.75879,115.09
0.75977,114.59
0.76074,114.7
0.76172,114.44
0.7627,114.25
0.76367,113.46
0.76465,115.07
0.76562,114.39
0.7666,114.08
0.76758,115.24
0.76855,115.55
0.76953,114.67
0.77051,114.45
0.77148,114.86
0.77246,114.18
0.77344,114.17
0.77441,114.1
0.77539,113.9
0.77637,114.62
0.77734,114.55
0.77832,114.3
0.7793,114.14
0.78027,114.57
0.78125,114.48
0.78223,114.68
0.7832,112.7
0.78418,114.8
0.78516,114.83
0.78613,115.39
0.78711,113.96
0.78809,114.41
0.78906,113.92
0.79004,114.46
0.79102,113.12
0.79199,114.17
0.79297,114.48
0.79395,114.2
0.79492,113.44
0.7959,114.51
0.79688,114.78
0.79785,112.95
0.79883,114.45
0.7998,114.37
0.80078,115.8
0.80176,114.78
0.80273,114.5
0.80371,114.49
0.80469,114.85
0.80566,114.16
0.80664,114.29
0.80762,114.39
0.80859,114.14
0.80957,114.65
0.81055,114.41
0.81152,114.16
0.8125,114.56
0.81348,114.62
0.81445,113.94
0.81543,113.39
0.81641,113.59
0.81738,113.58
0.81836,114.07
0.81934,114.03
0.82031,114.41
0.82129,113.87
0.82227,113.91
0.82324,114.71
0.82422,114.45
0.8252,115.22
0.82617,114.26
0.82715,114.95
0.82812,114.92
0.8291,114.74
0.83008,113.63
0.83105,114.25
0.83203,113.85
0.83301,114.86
0.83398,113.72
0.83496,113.66
0.83594,114.19
0.83691,114.05
0.83789,114.19
0.83887,114.7
0.83984,114.32
0.84082,114.64
0.8418,114.55
0.84277,114.41
0.84375,114.68
0.84473,114.61
0.8457,115.17
0.84668,113.4
0.84766,114.87
0.84863,113.8
0.84961,114.92
0.85059,114.67
0.85156,114.99
0.85254,113.96
0.85352,113.89
0.85449,114.26
0.85547,114.02
0.85645,114.57
0.85742,113.09
0.8584,114.08
0.85938,114.82
0.86035,114.97
0.86133,114.05
0.8623,114.89
0.86328,113.23
0.86426,114.15
0.86523,114.29
0.86621,113.84
0.86719,113.87
0.86816,114.38
0.86914,114.47
0.87012,113.74
0.87109,114.18
0.87207,113.69
0.87305,114.78
0.87402,113.65
0.875,113.52
0.87598,115.04
0.87695,113.96
0.87793,114.79
0.87891,115.06
0.87988,114.61
0.88086,114.4
0.88184,114.71
0.88281,114.55
0.88379,114.35
0.88477,113.49
0.88574,115.41
0.88672,113.7
0.8877,113.32
0.88867,113.9
0.88965,114.17
0.89062,113.33
0.8916,115.39
0.89258,114.04
0.89355,114.78
0.89453,114.04
0.89551,114.78
0.89648,115.27
0.89746,113.84
0.89844,114.08
0.89941,114.65
0.90039,114.87
0.90137,114.34
0.90234,113.46
0.90332,114.55
0.9043,114.92
0.90527,113.9
0.90625,114.06
0.90723,114.2
0.9082,114.73
0.90918,113.73
0.91016,114.44
0.91113,113.92
0.91211,115.14
0.91309,113.77
0.91406,113.59
0.91504,114.61
0.91602,115.1
0.91699,114.7
0.91797,114.69
0.91895,114.15
0.91992,114.4
0.9209,114.96
0.92188,114.25
0.92285,113.42
0.92383,113.96
0.9248,114.52
0.92578,113.72
0.92676,114.49
0.92773,114.73
0.92871,114.39
0.92969,114.24
0.93066,114.62
0.93164,114.82
0.93262,115.06
0.93359,114.05
0.93457,113.72
0.93555,113.57
0.93652,114.6
0.9375,114.2
0.93848,115.56
0.93945,114.22
0.94043,114.61
0.94141,114.15
0.94238,114.26
0.94336,114.72
0.94434,114.29
0.94531,114.83
0.94629,114.99
0.94727,113.35
0.94824,114.06
0.94922,114.5
0.9502,114.56
0.95117,114.33
0.95215,113.94
0.95312,114.31
0.9541,115.16
0.95508,113.74
0.95605,114.58
0.95703,114.56
0.95801,114.07
0.95898,114.52
0.95996,114.35
0.96094,114
0.96191,114.81
0.96289,113.86
0.96387,114.8
0.96484,113.33
0.96582,112.75
0.9668,114.45
0.96777,114.89
0.96875,114.43
0.96973,114.09
0.9707,113.74
0.97168,114.69
0.97266,114.94
0.97363,114.75
0.97461,114.8
0.97559,113.85
0.97656,113.85
0.97754,112.98
0.97852,114.43
0.97949,113.84
0.98047,115.5
0.98145,113.26
0.98242,114.38
0.9834,114.57
0.98438,112.99
0.98535,112.89
0.98633,115.04
0.9873,114.54
0.98828,113
0.98926,113.54
0.99023,114.71
0.99121,114.69
0.99219,114.7
0.99316,113.9
0.99414,113.61
0.99512,114.05
0.99609,112.85
0.99707,114.16
0.99805,113.57
0.99902,115.3
1,114.23
1.001,113.36
1.002,113.11
1.0029,114.27
1.0039,114.57
1.0049,114.75
1.0059,115.26
1.0068,114.5
1.0078,113.88
1.0088,113.57
1.0098,114.58
1.0107,115.25
1.0117,114.66
1.0127,114.73
1.0137,114.75
1.0146,113.94
1.0156,114.75
1.0166,114.97
1.0176,114
1.0186,114.23
1.0195,114.4
1.0205,115.25
1.0215,114.76
1.0225,114.37
1.0234,113.3
1.0244,115.03
1.0254,115.06
1.0264,114.97
1.0273,114.22
1.0283,115.11
1.0293,114.23
1.0303,114.31
1.0312,112.77
1.0322,114.89
1.0332,113.49
1.0342,114.62
1.0352,113.27
1.0361,113.82
1.0371,113.95
1.0381,113.74
1.0391,115.36
1.04,114.71
1.041,114.61
1.042,114.67
1.043,114.84
1.0439,114.02
1.0449,114.57
1.0459,113.83
1.0469,113.76
1.0479,114.5
1.0488,114.44
1.0498,113.83
1.0508,114.16
1.0518,114.71
1.0527,114.73
1.0537,114.24
1.0547,115.74
1.0557,115.15
1.0566,113.99
1.0576,114.13
1.0586,114.16
1.0596,113.15
1.0605,114.74
1.0615,115.09
1.0625,113.8
1.0635,114.63
1.0645,114.5
1.0654,114.11
1.0664,114.28
1.0674,114.23
1.0684,114.05
1.0693,113.47
1.0703,112.73
1.0713,115.75
1.0723,115.14
1.0732,115.03
1.0742,112.85
1.0752,113.98
1.0762,114.56
1.0771,115.06
1.0781,114.52
1.0791,113.39
1.0801,114.26
1.0811,113.97
1.082,113.58
1.083,114.86
1.084,113.24
1.085,113.69
1.0859,115.88
1.0869,113.93
1.0879,115
1.0889,114.53
1.0898,114.27
1.0908,115.36
1.0918,115.41
1.0928,113.71
1.0938,114.18
1.0947,112.99
1.0957,114.24
1.0967,114.51
1.0977,113.83
1.0986,113.02
1.0996,114.21
1.1006,113.98
1.1016,114.29
1.1025,114.33
1.1035,114.14
1.1045,114.63
1.1055,113.37
1.1064,114.47
1.1074,113.72
1.1084,114.03
1.1094,115.57
1.1104,113.83
1.1113,114.45
1.1123,114.09
1.1133,114.42
1.1143,114.76
1.1152,114.77
1.1162,114.39
1.1172,114.42
1.1182,113.95
1.1191,114.69
1.1201,114.8
1.1211,114.28
1.1221,114.46
1.123,114.01
1.124,113.9
1.125,114.24
1.126,114.77
1.127,114.43
1.1279,114.65
1.1289,113.36
1.1299,114.58
1.1309,114.12
1.1318,114.16
1.1328,114.05
1.1338,113.87
1.1348,113.45
1.1357,114.33
1.1367,114.4
1.1377,114.61
1.1387,115.1
1.1396,114.15
1.1406,113.96
1.1416,114.07
1.1426,114.35
1.1436,114.79
1.1445,113.64
1.1455,114.89
1.1465,114.74
1.1475,113.99
1.1484,114.24
1.1494,114.97
1.1504,112.9
1.1514,114.69
1.1523,114.26
1.1533,114.64
1.1543,115.04
1.1553,115.28
1.1562,113.46
1.1572,114.1
1.1582,114.48
1.1592,114.02
1.1602,114.46
1.1611,114.24
1.1621,114.92
1.1631,114.18
1.1641,115.37
1.165,114.91
1.166,113.7
1.167,114.17
1.168,114.49
1.1689,114.18
1.1699,113.95
1.1709,115.01
1.1719,115.09
1.1729,114.49
1.1738,114.61
1.1748,114.12
1.1758,113.78
1.1768,114.66
1.1777,113.29
1.1787,114.27
1.1797,113.97
1.1807,114.05
1.1816,114.84
1.1826,114.71
1.1836,113.99
1.1846,114.92
1.1855,113.59
1.1865,115.2
1.1875,114.31
1.1885,115.17
1.1895,114.43
1.1904,114.15
1.1914,113.71
1.1924,114.28
1.1934,114.17
1.1943,114.47
1.1953,114.5
1.1963,113.01
1.1973,113.7
1.1982,113.98
1.1992,113.97
1.2002,115.42
1.2012,114.1
1.2021,114.04
1.2031,113.76
1.2041,114.2
1.2051,114.51
1.2061,114.32
1.207,115.46
1.208,112.69
1.209,114.26
1.21,114.54
1.2109,114.66
1.2119,113.8
1.2129,114.34
1.2139,114.83
1.2148,114.87
1.2158,115.03
1.2168,112.83
1.2178,113.7
1.2188,115.61
1.2197,114.52
1.2207,115.03
1.2217,114.48
1.2227,115.69
1.2236,114.55
1.2246,114.34
1.2256,114.61
1.2266,114.09
1.2275,112.99
1.2285,114.27
1.2295,113.71
1.2305,113.92
1.2314,113.62
1.2324,114.55
1.2334,114.49
1.2344,114.96
1.2354,114.05
1.2363,114.62
1.2373,115.2
1.2383,115.06
1.2393,114.37
1.2402,114.15
1.2412,113.74
1.2422,113.37
1.2432,113.6
1.2441,114.3
1.2451,113.76
1.2461,114.56
1.2471,114.3
1.248,113.68
1.249,114.17
1.25,114.67
1.251,113.43
1.252,114.42
1.2529,113.7
1.2539,113.82
1.2549,114.07
1.2559,114.59
1.2568,114.57
1.2578,113.43
1.2588,114.29
1.2598,114.66
1.2607,114.86
1.2617,114.22
1.2627,113.81
1.2637,115.43
1.2646,113.78
1.2656,113.42
1.2666,113.88
1.2676,112.67
1.2686,115.01
1.2695,114.41
1.2705,114.54
1.2715,115.24
1.2725,114.39
1.2734,114.44
1.2744,114.52
1.2754,114.1
1.2764,113.24
1.2773,114.66
1.2783,113.91
1.2793,115.24
1.2803,115.19
1.2812,114.81
1.2822,114.69
1.2832,114.61
1.2842,114.18
1.2852,114.78
1.2861,115.29
1.2871,113.27
1.2881,113.75
1.2891,114.45
1.29,113.76
1.291,113.9
1.292,115.65
1.293,114.54
1.2939,113.87
1.2949,115.09
1.2959,114.05
1.2969,113.93
1.2979,115.91
1.2988,113.46
1.2998,114.43
1.3008,114.66
1.3018,113.91
1.3027,113.5
1.3037,115.1
1.3047,113.9
1.3057,113.76
1.3066,115.16
1.3076,114.85
1.3086,113.8
1.3096,114.23
1.3105,115.03
1.3115,114.28
1.3125,114.42
1.3135,114.64
1.3145,114.1
1.3154,113.26
1.3164,113.51
1.3174,114.53
1.3184,114.61
1.3193,115.27
1.3203,114
1.3213,115.94
1.3223,113.83
1.3232,112.78
1.3242,113.62
1.3252,112.88
1.3262,114.3
1.3271,114.43
1.3281,113.99
1.3291,115.05
1.3301,113.74
1.3311,114.09
1.332,114.97
1.333,113.76
1.334,114.39
1.335,114.49
1.3359,113.7
1.3369,115.19
1.3379,114.46
1.3389,113.99
1.3398,114.43
1.3408,113.95
1.3418,113.48
1.3428,115.3
1.3438,114.91
1.3447,114.86
1.3457,115.32
1.3467,114.58
1.3477,115.01
1.3486,114.46
1.3496,114.49
1.3506,114.02
1.3516,114
1.3525,114.71
1.3535,113.66
1.3545,113.5
1.3555,114.22
1.3564,114.41
1.3574,113.95
1.3584,114.82
1.3594,114.76
1.3604,114.57
1.3613,113.56
1.3623,114.47
1.3633,113.61
1.3643,113.05
1.3652,114.3
1.3662,114.46
1.3672,113.24
1.3682,114.94
1.3691,113.96
1.3701,114.01
1.3711,114.2
1.3721,114.27
1.373,113.82
1.374,115.05
1.375,114.77
1.376,113.91
1.377,113.76
1.3779,114.64
1.3789,114.43
1.3799,113.43
1.3809,114.16
1.3818,114.69
1.3828,115.09
1.3838,114.61
1.3848,114.11
1.3857,115.09
1.3867,113.23
1.3877,113.44
1.3887,114.2
1.3896,113.15
1.3906,113.62
1.3916,112.43
1.3926,114
1.3936,113.98
1.3945,114.25
1.3955,114.57
1.3965,114.01
1.3975,114.35
1.3984,114.39
1.3994,114.02
1.4004,114.65
1.4014,113.86
1.4023,114.18
1.4033,114.06
1.4043,114.45
1.4053,113.28
1.4062,113.42
1.4072,113.45
1.4082,114.3
1.4092,114.26
1.4102,114.51
1.4111,114.23
1.4121,114.19
1.4131,114.57
1.4141,114.39
1.415,113.74
1.416,114.68
1.417,114.72
1.418,113.46
1.4189,113.85
1.4199,114.37
1.4209,114.44
1.4219,114.76
1.4229,114.84
1.4238,114.37
1.4248,114.95
1.4258,113.45
1.4268,115.03
1.4277,114.55
1.4287,113.74
1.4297,114.49
1.4307,114.37
1.4316,113.95
1.4326,115.08
1.4336,113.74
1.4346,114.58
1.4355,114.7
1.4365,114.59
1.4375,114.32
1.4385,114.56
1.4395,113.77
1.4404,113.08
1.4414,114.9
1.4424,113.69
1.4434,115.35
1.4443,113.99
1.4453,114.32
1.4463,114.9
1.4473,114.34
1.4482,114.28
1.4492,114.42
1.4502,114.3
1.4512,113.37
1.4521,114.59
1.4531,113.18
1.4541,114.4
1.4551,113.73
1.4561,115.14
1.457,115.6
1.458,113.62
1.459,114.12
1.46,113.97
1.4609,114.94
1.4619,113.1
1.4629,114.39
1.4639,114.44
1.4648,114.18
1.4658,115.44
1.4668,113.85
1.4678,114.35
1.4688,115.24
1.4697,114.37
1.4707,114.87
1.4717,114.57
1.4727,114.17
1.4736,113.52
1.4746,113.74
1.4756,114.73
1.4766,115.26
1.4775,114.61
1.4785,115.01
1.4795,115.25
1.4805,113.74
1.4814,114.55
1.4824,114.48
1.4834,114.26
1.4844,113.64
1.4854,113.77
1.4863,114.77
1.4873,115.1
1.4883,114.67
1.4893,114.06
1.4902,114.23
1.4912,114.24
1.4922,113.55
1.4932,114.14
1.4941,114.34
1.4951,114.29
1.4961,113.92
1.4971,114.2
1.498,113.77
1.499,113.46
1.5,113.69
1.501,113.53
1.502,114.73
1.5029,114.65
1.5039,114.48
1.5049,114.79
1.5059,114.59
1.5068,114.27
1.5078,114.86
1.5088,113.87
1.5098,114.75
1.5107,113.5
1.5117,113.16
1.5127,113.55
1.5137,115.28
1.5146,114.28
1.5156,113.91
1.5166,114.76
1.5176,114.71
1.5186,114.8
1.5195,114.75
1.5205,115.44
1.5215,114.22
1.5225,114.07
1.5234,114.54
1.5244,113.07
1.5254,113.72
1.5264,114.11
1.5273,114.28
1.5283,114.37
1.5293,114.69
1.5303,114.13
1.5312,114.3
1.5322,113.79
1.5332,114.55
1.5342,114.91
1.5352,114.35
1.5361,113.98
1.5371,113.6
1.5381,113.42
1.5391,113.93
1.54,114.62
1.541,114.26
1.542,114.72
1.543,114.24
1.5439,114.29
1.5449,113.8
1.5459,114.78
1.5469,115.57
1.5479,115.14
1.5488,113.81
1.5498,114.47
1.5508,114.39
1.5518,114.77
1.5527,114.46
1.5537,113.36
1.5547,114.84
1.5557,114.17
1.5566,114.14
1.5576,113.52
1.5586,113.93
1.5596,115.11
1.5605,114.79
1.5615,114.82
1.5625,114.57
1.5635,114.15
1.5645,113.49
1.5654,113.87
1.5664,114.46
1.5674,114.3
1.5684,114.52
1.5693,114.57
1.5703,114.71
1.5713,114.21
1.5723,114.7
1.5732,115.24
1.5742,114.42
1.5752,114.32
1.5762,115.19
1.5771,114.86
1.5781,115.62
1.5791,114.21
1.5801,114.55
1.5811,113.9
1.582,114.19
1.583,113.94
1.584,114.48
1.585,113.74
1.5859,114.57
1.5869,114.44
1.5879,114.1
1.5889,113.97
1.5898,114.49
1.5908,114.3
1.5918,113.4
1.5928,113.87
1.5938,114.7
1.5947,114.15
1.5957,113.8
1.5967,114.78
1.5977,113.81
1.5986,113.25
1.5996,113.49
1.6006,114.62
1.6016,113.98
1.6025,114.67
1.6035,113.9
1.6045,113.76
1.6055,114.76
1.6064,114.07
1.6074,114.37
1.6084,114.38
1.6094,114.49
1.6104,114.09
1.6113,114.17
1.6123,114.2
1.6133,113.74
1.6143,114.68
1.6152,114.35
1.6162,113.65
1.6172,114.61
1.6182,115.07
1.6191,114.95
1.6201,114.84
1.6211,113.84
1.6221,114.33
1.623,113.46
1.624,113.98
1.625,113.23
1.626,114.02
1.627,113.55
1.6279,115.05
1.6289,113.19
1.6299,114.03
1.6309,113.77
1.6318,113.86
1.6328,114.34
1.6338,113.52
1.6348,114.84
1.6357,113.89
1.6367,114.1
1.6377,114.18
1.6387,115.09
1.6396,114.29
1.6406,114.15
1.6416,114.54
1.6426,114.51
1.6436,113.85
1.6445,114.36
1.6455,114.3
1.6465,113.61
1.6475,114.61
1.6484,114.87
1.6494,113.79
1.6504,114.63
1.6514,115.2
1.6523,114.23
1.6533,114.37
1.6543,113.68
1.6553,113.68
1.6562,113.78
1.6572,113.31
1.6582,114.84
1.6592,114.96
1.6602,113.37
1.6611,114.81
1.6621,115.27
1.6631,115.24
1.6641,113.29
1.665,113.54
1.666,115.08
1.667,114.47
1.668,114.72
1.6689,114.35
1.6699,115.46
1.6709,115.7
1.6719,114.28
1.6729,113.99
1.6738,114.93
1.6748,114.25
1.6758,113.29
1.6768,113.96
1.6777,114.23
1.6787,114.54
1.6797,114.21
1.6807,114.3
1.6816,114.97
1.6826,114.31
1.6836,114.72
1.6846,112.88
1.6855,115
1.6865,113.79
1.6875,115.53
1.6885,115.57
1.6895,113.89
1.6904,114.44
1.6914,113.81
1.6924,113.83
1.6934,113.5
1.6943,114.64
1.6953,114.93
1.6963,114.55
1.6973,114.33
1.6982,113.95
1.6992,114.03
1.7002,113.83
1.7012,112.9
1.7021,114.69
1.7031,114.74
1.7041,114.04
1.7051,114.11
1.7061,112.91
1.707,112.69
1.708,114.22
1.709,114.63
1.71,114.66
1.7109,114.93
1.7119,113.77
1.7129,115.01
1.7139,113.26
1.7148,115.98
1.7158,114.59
1.7168,114.43
1.7178,114.31
1.7188,114.08
1.7197,114.87
1.7207,113.92
1.7217,114.29
1.7227,113.56
1.7236,114.16
1.7246,113.14
1.7256,113.58
1.7266,113.01
1.7275,114.41
1.7285,115
1.7295,115.7
1.7305,113.55
1.7314,112.55
1.7324,113.92
1.7334,114.2
1.7344,114.33
1.7354,114.87
1.7363,113.53
1.7373,113.68
1.7383,114.19
1.7393,114.8
1.7402,113.84
1.7412,114.06
1.7422,113.73
1.7432,114.12
1.7441,113.92
1.7451,114.68
1.7461,113.77
1.7471,113.54
1.748,115.13
1.749,113.31
1.75,114.65
1.751,114.93
1.752,115.02
1.7529,114.04
1.7539,114.18
1.7549,114.57
1.7559,114.43
1.7568,115.92
1.7578,114
1.7588,114.34
1.7598,114.34
1.7607,115.35
1.7617,114.56
1.7627,114.34
1.7637,114.24
1.7646,114.59
1.7656,113.97
1.7666,113.2
1.7676,114.66
1.7686,114.88
1.7695,113.59
1.7705,113.56
1.7715,113.32
1.7725,114.97
1.7734,114.34
1.7744,114.77
1.7754,114.93
1.7764,114.84
1.7773,114.71
1.7783,114.8
1.7793,114.79
1.7803,115.27
1.7812,114.54
1.7822,115.76
1.7832,114.62
1.7842,114.67
1.7852,114.71
1.7861,115.37
1.7871,113.94
1.7881,113.32
1.7891,114.57
1.79,113.83
1.791,113.6
1.792,113.86
1.793,114.54
1.7939,114.22
1.7949,113.94
1.7959,112.95
1.7969,113.94
1.7979,115.04
1.7988,114.32
1.7998,114.94
1.8008,115.14
1.8018,114.84
1.8027,113.59
1.8037,113.79
1.8047,113.86
1.8057,113.36
1.8066,114.32
1.8076,114.82
1.8086,113.55
1.8096,113.25
1.8105,114.58
1.8115,115.57
1.8125,114.09
1.8135,114.48
1.8145,114.08
1.8154,115.16
1.8164,114.39
1.8174,114.86
1.8184,114.71
1.8193,114.03
1.8203,115.06
1.8213,113.85
1.8223,115.64
1.8232,114.01
1.8242,114.87
1.8252,113.7
1.8262,114.13
1.8271,114.53
1.8281,113.08
1.8291,112.48
1.8301,112.98
1.8311,113.74
1.832,113.82
1.833,113.17
1.834,112.6
1.835,112.76
1.8359,112.88
1.8369,112.03
1.8379,111.85
1.8389,111.91
1.8398,111.7
1.8408,112.08
1.8418,113.04
1.8428,111
1.8438,111.41
1.8447,111.94
1.8457,110.83
1.8467,110.54
1.8477,111.32
1.8486,110.77
1.8496,111.17
1.8506,110.72
1.8516,109.94
1.8525,110.24
1.8535,109.17
1.8545,110.11
1.8555,110.31
1.8564,110.58
1.8574,109.67
1.8584,109.39
1.8594,110.23
1.8604,109.47
1.8613,109.24
1.8623,109.69
1.8633,109.74
1.8643,108.95
1.8652,109.79
1.8662,108.82
1.8672,109
1.8682,109.43
1.8691,108.84
1.8701,107.41
1.8711,107.07
1.8721,107.84
1.873,108.11
1.874,108.31
1.875,107.93
1.876,107.4
1.877,107.35
1.8779,108.06
1.8789,107.91
1.8799,106.95
1.8809,107.78
1.8818,107.3
1.8828,106.67
1.8838,108.06
1.8848,107.58
1.8857,106.45
1.8867,106.29
1.8877,106.22
1.8887,106.23
1.8896,106.58
1.8906,105.55
1.8916,106.66
1.8926,107.36
1.8936,105.11
1.8945,105.95
1.8955,105.49
1.8965,106.59
1.8975,106.52
1.8984,105.92
1.8994,105.17
1.9004,105.35
1.9014,105.93
1.9023,105.54
1.9033,105.47
1.9043,105.5
1.9053,104.61
1.9062,105.25
1.9072,104.87
1.9082,104.34
1.9092,103.94
1.9102,103.83
1.9111,104.25
1.9121,104.41
1.9131,104.21
1.9141,103.58
1.915,104.2
1.916,104.05
1.917,103.24
1.918,103.16
1.9189,104.05
1.9199,103.28
1.9209,103.9
1.9219,102.83
1.9229,103.57
1.9238,102.95
1.9248,103.35
1.9258,103.62
1.9268,102.17
1.9277,104.19
1.9287,102.55
1.9297,102.62
1.9307,102.92
1.9316,102.28
1.9326,102.39
1.9336,102.54
1.9346,102.44
1.9355,102.86
1.9365,102.75
1.9375,102.65
1.9385,102.3
1.9395,102.62
1.9404,101.88
1.9414,102.27
1.9424,101.38
1.9434,102.81
1.9443,102.46
1.9453,101.94
1.9463,102.02
1.9473,101.8
1.9482,101.27
1.9492,101.7
1.9502,101.1
1.9512,102.38
1.9521,101.19
1.9531,101.45
1.9541,101.48
1.9551,101.13
1.9561,101.56
1.957,101.12
1.958,101.47
1.959,102.29
1.96,100.84
1.9609,101.72
1.9619,100.35
1.9629,100.16
1.9639,100.6
1.9648,101.19
1.9658,100.93
1.9668,99.679
1.9678,100.91
1.9688,100.72
1.9697,100.52
1.9707,100.24
1.9717,100.61
1.9727,99.935
1.9736,100.71
1.9746,100.19
1.9756,99.999
1.9766,101.38
1.9775,99.987
1.9785,99.29
1.9795,100.08
1.9805,99.887
1.9814,100.03
1.9824,99.926
1.9834,100.14
1.9844,100.33
1.9854,99.223
1.9863,100.37
1.9873,100.08
1.9883,99.697
1.9893,99.547
1.9902,100.44
1.9912,99.845
1.9922,100.06
1.9932,99.829
1.9941,99.732
1.9951,97.785
1.9961,99.231
1.9971,99.074
1.998,98.523
1.999,99.951
2,98.8
2.001,99.262
2.002,99.51
2.0029,99.352
2.0039,99.007
2.0049,99.455
2.0059,99.097
2.0068,98.606
2.0078,98.401
2.0088,99.07
2.0098,98.229
2.0107,98.982
2.0117,99.551
2.0127,97.964
2.0137,98.397
2.0146,98.977
2.0156,97.401
2.0166,98.461
2.0176,98.051
2.0186,98.165
2.0195,98.251
2.0205,96.874
2.0215,99.011
2.0225,98.31
2.0234,98.611
2.0244,97.591
2.0254,98.603
2.0264,97.718
2.0273,98.455
2.0283,97.226
2.0293,99.084
2.0303,99.124
2.0312,97.932
2.0322,97.375
2.0332,97.114
2.0342,97.283
2.0352,97.808
2.0361,98.313
2.0371,97.461
2.0381,97.123
2.0391,97.325
2.04,98.476
2.041,98.647
2.042,96.896
2.043,97.717
2.0439,96.872
2.0449,97.415
2.0459,97.806
2.0469,97.548
2.0479,98.581
2.0488,97.353
2.0498,96.32
2.0508,97.381
2.0518,98.004
2.0527,97.649
2.0537,96.797
2.0547,98.335
2.0557,97.499
2.0566,98.42
2.0576,96.604
2.0586,97.746
2.0596,96.859
2.0605,97.799
2.0615,97.284
2.0625,96.144
2.0635,96.77
2.0645,97.091
2.0654,96.476
2.0664,98.462
2.0674,96.984
2.0684,97.382
2.0693,96.768
2.0703,97.539
2.0713,97.388
2.0723,96.322
2.0732,97.886
2.0742,96.62
2.0752,96.761
2.0762,96.852
2.0771,97.106
2.0781,96.096
2.0791,96.957
2.0801,96.753
2.0811,96.165
2.082,96.308
2.083,95.538
2.084,95.925
2.085,95.548
2.0859,96.712
2.0869,96.835
2.0879,96.929
2.0889,95.32
2.0898,95.863
2.0908,96.422
2.0918,95.461
2.0928,96.498
2.0938,96.4
2.0947,95.643
2.0957,96.811
2.0967,95.705
2.0977,97.082
2.0986,96.185
2.0996,95.539
2.1006,95.492
2.1016,95.602
2.1025,96.223
2.1035,95.575
2.1045,96.196
2.1055,95.857
2.1064,96.321
2.1074,95.754
2.1084,96.43
2.1094,96.735
2.1104,96.292
2.1113,96.04
2.1123,95.84
2.1133,95.585
2.1143,96.093
2.1152,95.488
2.1162,95.322
2.1172,95.977
2.1182,94.561
2.1191,94.316
2.1201,95.502
2.1211,95.519
2.1221,95.871
2.123,95.446
2.124,96.555
2.125,95.68
2.126,96.396
2.127,96.367
2.1279,96.408
2.1289,94.955
2.1299,94.38
2.1309,95.882
2.1318,96.391
2.1328,96.479
2.1338,96.436
2.1348,96.084
2.1357,95.627
2.1367,95.29
2.1377,94.305
2.1387,96.186
2.1396,94.822
2.1406,95.189
2.1416,94.507
2.1426,96.509
2.1436,95.309
2.1445,95.119
2.1455,95.487
2.1465,95.722
2.1475,95.398
2.1484,94.334
2.1494,95.585
2.1504,95.606
2.1514,95.221
2.1523,95.865
2.1533,95.506
2.1543,94.929
2.1553,94.763
2.1562,95.848
2.1572,96.168
2.1582,95.692
2.1592,95.386
2.1602,94.316
2.1611,95.512
2.1621,94.121
2.1631,95.13
2.1641,95.506
2.165,96.192
2.166,94.909
2.167,95.196
2.168,95.723
2.1689,94.755
2.1699,95.064
2.1709,95.405
2.1719,95.252
2.1729,95.093
2.1738,94.329
2.1748,94.914
2.1758,95.98
2.1768,94.143
2.1777,94.534
2.1787,94.104
2.1797,94.669
2.1807,95.629
2.1816,94.769
2.1826,93.912
2.1836,94.428
2.1846,94.562
2.1855,94.93
2.1865,95.494
2.1875,95.081
2.1885,95.237
2.1895,94.991
2.1904,96.024
2.1914,94.849
2.1924,94.873
2.1934,95.279
2.1943,95.05
2.1953,94.483
2.1963,95.215
2.1973,95.011
2.1982,95.148
2.1992,94.804
2.2002,94.075
2.2012,94.174
2.2021,93.719
2.2031,94.635
2.2041,94.306
2.2051,95.137
2.2061,93.751
2.207,95.442
2.208,95.139
2.209,95.362
2.21,93.597
2.2109,94.103
2.2119,94.225
2.2129,94.421
2.2139,93.92
2.2148,94.598
2.2158,94.271
2.2168,94.792
2.2178,94.5
2.2188,94.449
2.2197,95.157
2.2207,95.134
2.2217,94.51
2.2227,93.391
2.2236,94.008
2.2246,94.857
2.2256,94.042
2.2266,95.232
2.2275,94.691
2.2285,94.018
2.2295,94.655
2.2305,94.012
2.2314,95.04
2.2324,94.765
2.2334,94.657
2.2344,95.203
2.2354,93.826
2.2363,94.347
2.2373,95.513
2.2383,95.288
2.2393,92.944
2.2402,94.423
2.2412,94.224
2.2422,95.395
2.2432,94.418
2.2441,95.507
2.2451,94.642
2.2461,94.128
2.2471,94.169
2.248,94.46
2.249,94.363
2.25,94.914
2.251,93.744
2.252,93.56
2.2529,95.541
2.2539,94.508
2.2549,95.059
2.2559,93.693
2.2568,94.59
2.2578,93.528
2.2588,94.173
2.2598,94.425
2.2607,93.857
2.2617,93.706
2.2627,93.327
2.2637,94.964
2.2646,94.445
2.2656,94.166
2.2666,94.337
2.2676,94.601
2.2686,93.157
2.2695,94.657
2.2705,93.597
2.2715,94.543
2.2725,94.309
2.2734,95.399
2.2744,94.615
2.2754,94.28
2.2764,93.683
2.2773,94.503
2.2783,93.528
2.2793,93.424
2.2803,94.318
2.2812,94.172
2.2822,94.025
2.2832,94.388
2.2842,93.775
2.2852,94.406
2.2861,93.914
2.2871,94.564
2.2881,94.931
2.2891,94.355
2.29,93.679
2.291,94.429
2.292,94.312
2.293,93.723
2.2939,93.865
2.2949,94.376
2.2959,94.791
2.2969,92.711
2.2979,92.905
2.2988,94.439
2.2998,94.019
2.3008,93.753
2.3018,92.52
2.3027,93.64
2.3037,94.422
2.3047,93.979
2.3057,94.429
2.3066,93.956
2.3076,93.705
2.3086,94.202
2.3096,93.425
2.3105,95.166
2.3115,93.984
2.3125,94.346
2.3135,93.97
2.3145,93.944
2.3154,94.101
2.3164,93.829
2.3174,93.336
2.3184,94.821
2.3193,93.721
2.3203,94.361
2.3213,94.599
2.3223,93.929
2.3232,93.447
2.3242,93.95
2.3252,93.245
2.3262,93.853
2.3271,93.931
2.3281,94.201
2.3291,93.701
2.3301,93.34
2.3311,93.724
2.332,93.762
2.333,94.534
2.334,94.037
2.335,94.483
2.3359,94.435
2.3369,93.373
2.3379,93.344
2.3389,93.992
2.3398,93.899
2.3408,94.775
2.3418,93.245
2.3428,92.513
2.3438,93.658
2.3447,94.743
2.3457,94.516
2.3467,94.071
2.3477,93.432
2.3486,93.759
2.3496,93.268
2.3506,93.591
2.3516,93.681
2.3525,93.917
2.3535,94.644
2.3545,93.736
2.3555,93.974
2.3564,93.982
2.3574,94.226
2.3584,93.802
2.3594,93.728
2.3604,93.96
2.3613,93.583
2.3623,94.259
2.3633,93.882
2.3643,94.131
2.3652,94.209
2.3662,94.351
2.3672,93.248
2.3682,93.866
2.3691,93.316
2.3701,93.077
2.3711,93.474
2.3721,94.027
2.373,94.278
2.374,93.204
2.375,94.017
2.376,93.393
2.377,94.731
2.3779,94.275
2.3789,93.068
2.3799,93.074
2.3809,93.773
2.3818,93.627
2.3828,93.632
2.3838,93.087
2.3848,93.885
2.3857,93.887
2.3867,93.426
2.3877,93.843
2.3887,94.016
2.3896,93.213
2.3906,93.672
2.3916,93.199
2.3926,94.387
2.3936,93.575
2.3945,93.754
2.3955,93.666
2.3965,94.404
2.3975,93.71
2.3984,93.357
2.3994,92.597
2.4004,94.638
2.4014,93.73
2.4023,92.8
2.4033,92.572
2.4043,93.983
2.4053,94.278
2.4062,94.346
2.4072,94.197
2.4082,94.064
2.4092,93.422
2.4102,94.131
2.4111,94.988
2.4121,94.688
2.4131,93.754
2.4141,93.428
2.415,94.229
2.416,93.276
2.417,93.799
2.418,93.018
2.4189,94.142
2.4199,94.436
2.4209,93.833
2.4219,93.499
2.4229,93.188
2.4238,94.225
2.4248,94.158
2.4258,93.505
2.4268,92.827
2.4277,92.899
2.4287,93.868
2.4297,93.618
2.4307,92.689
2.4316,93.486
2.4326,93.244
2.4336,94.658
2.4346,93.166
2.4355,93.778
2.4365,94.386
2.4375,93.357
2.4385,93.731
2.4395,94.194
2.4404,94.666
2.4414,93.416
2.4424,94.045
2.4434,94.15
2.4443,93.923
2.4453,93.876
2.4463,93.689
2.4473,93.675
2.4482,93.631
2.4492,93.532
2.4502,93.79
2.4512,92.794
2.4521,94.58
2.4531,94.135
2.4541,93.167
2.4551,93.852
2.4561,92.549
2.457,93.704
2.458,93.586
2.459,95.422
2.46,94.538
2.4609,93.25
2.4619,93.569
2.4629,92.919
2.4639,93.647
2.4648,93.09
2.4658,93.225
2.4668,92.405
2.4678,93.081
2.4688,92.973
2.4697,92.438
2.4707,93.2
2.4717,92.954
2.4727,93.823
2.4736,93.394
2.4746,94.05
2.4756,93.777
2.4766,93.245
2.4775,93.798
2.4785,93.826
2.4795,93.024
2.4805,93.417
2.4814,94.397
2.4824,94.203
2.4834,94.146
2.4844,93.793
2.4854,93.765
2.4863,93.422
2.4873,93.847
2.4883,93.662
2.4893,92.789
2.4902,93.221
2.4912,93.063
2.4922,93.35
2.4932,93.737
2.4941,94.177
2.4951,93.519
2.4961,93.422
2.4971,93.408
2.498,93.814
2.499,93.847
2.5,92.834
2.501,93.052
2.502,93.759
2.5029,94.802
2.5039,93.24
2.5049,93.109
2.5059,93.469
2.5068,93.69
2.5078,93.531
2.5088,92.24
2.5098,93.493
2.5107,92.495
2.5117,93.556
2.5127,93.623
2.5137,94.163
2.5146,93.054
2.5156,93.406
2.5166,93.78
2.5176,92.742
2.5186,94.091
2.5195,92.377
2.5205,93.876
2.5215,93.533
2.5225,93.139
2.5234,93.402
2.5244,94.607
2.5254,93.551
2.5264,94.347
2.5273,94.642
2.5283,93.537
2.5293,93.801
2.5303,93.616
2.5312,93.11
2.5322,93.573
2.5332,93.563
2.5342,93.36
2.5352,94.466
2.5361,93.759
2.5371,92.533
2.5381,94.32
2.5391,93.285
2.54,92.227
2.541,94.053
2.542,92.632
2.543,93.694
2.5439,93.48
2.5449,93.151
2.5459,93.06
2.5469,93.984
2.5479,93.15
2.5488,93.338
2.5498,93.087
2.5508,92.958
2.5518,93.017
2.5527,93.987
2.5537,93.572
2.5547,93.164
2.5557,93.189
2.5566,93.424
2.5576,93.699
2.5586,94.069
2.5596,93.485
2.5605,93.864
2.5615,92.689
2.5625,92.378
2.5635,92.899
2.5645,92.699
2.5654,92.9
2.5664,93.653
2.5674,93.228
2.5684,93.34
2.5693,93.308
2.5703,93.828
2.5713,93.25
2.5723,94.318
2.5732,93.67
2.5742,92.942
2.5752,93.63
2.5762,93.106
2.5771,93.708
2.5781,92.749
2.5791,93.737
2.5801,93.741
2.5811,92.625
2.582,92.584
2.583,93.279
2.584,93.109
2.585,93.391
2.5859,93.482
2.5869,94.285
2.5879,94.177
2.5889,93.918
2.5898,93.279
2.5908,93.76
2.5918,92.951
2.5928,93.987
2.5938,93.551
2.5947,93.333
2.5957,93.303
2.5967,93.056
2.5977,93.481
2.5986,93.044
2.5996,93.676
2.6006,93.118
2.6016,94.25
2.6025,93.734
2.6035,93.683
2.6045,93.128
2.6055,93.339
2.6064,93.461
2.6074,93.983
2.6084,93.528
2.6094,92.965
2.6104,93.201
2.6113,92.893
2.6123,93.793
2.6133,93.051
2.6143,93.35
2.6152,93.026
2.6162,93.619
2.6172,93.033
2.6182,93.055
2.6191,93.092
2.6201,94.046
2.6211,92.53
2.6221,92.544
2.623,93.217
2.624,93.908
2.625,93.361
2.626,92.55
2.627,93.309
2.6279,93.284
2.6289,93.604
2.6299,92.834
2.6309,94.218
2.6318,93.565
2.6328,93.052
2.6338,93.638
2.6348,94.695
2.6357,92.954
2.6367,93.037
2.6377,93.16
2.6387,93.343
2.6396,93.933
2.6406,93.08
2.6416,94.352
2.6426,93.161
2.6436,93.695
2.6445,93.871
2.6455,93.638
2.6465,93.398
2.6475,93.125
2.6484,94.225
2.6494,93.249
2.6504,93.308
2.6514,93.122
2.6523,93.493
2.6533,94.275
2.6543,94.128
2.6553,93.193
2.6562,93.595
2.6572,94.152
2.6582,92.718
2.6592,93.964
2.6602,92.947
2.6611,93.545
2.6621,91.744
2.6631,92.735
2.6641,92.74
2.665,93.255
2.666,93.188
2.667,92.996
2.668,93.492
2.6689,92.896
2.6699,92.589
2.6709,93.62
2.6719,91.781
2.6729,93.096
2.6738,93.106
2.6748,93.653
2.6758,93.462
2.6768,93.925
2.6777,93.836
2.6787,93.446
2.6797,93.49
2.6807,93.577
2.6816,93.309
2.6826,93.595
2.6836,93.321
2.6846,92.874
2.6855,92.404
2.6865,93.236
2.6875,93.228
2.6885,92.44
2.6895,93.158
2.6904,94.342
2.6914,93.976
2.6924,93.145
2.6934,93.989
2.6943,93.659
2.6953,92.501
2.6963,93.905
2.6973,92.249
2.6982,92.751
2.6992,92.364
2.7002,93.09
2.7012,93.158
2.7021,92.053
2.7031,92.349
2.7041,93.698
2.7051,93.652
2.7061,91.941
2.707,93.648
2.708,94.326
2.709,94.307
2.71,93.533
2.7109,93.26
2.7119,92.402
2.7129,93.038
2.7139,94.102
2.7148,92.203
2.7158,93.049
2.7168,93.495
2.7178,92.973
2.7188,93.407
2.7197,93.256
2.7207,93.737
2.7217,92.917
2.7227,93.576
2.7236,93.669
2.7246,93.802
2.7256,92.711
2.7266,93.81
2.7275,93.515
2.7285,92.802
2.7295,94.236
2.7305,94.012
2.7314,94.302
2.7324,93.033
2.7334,93.582
2.7344,92.48
2.7354,93.729
2.7363,93.585
2.7373,93.971
2.7383,94.025
2.7393,94.699
2.7402,93.143
2.7412,93.719
2.7422,92.264
2.7432,93.939
2.7441,93.123
2.7451,93.703
2.7461,92.805
2.7471,92.736
2.748,93.633
2.749,94.387
2.75,93.26
2.751,93.728
2.752,92.965
2.7529,92.402
2.7539,93.081
2.7549,93.815
2.7559,93.512
2.7568,94.329
2.7578,93.239
2.7588,94.326
2.7598,92.666
2.7607,92.986
2.7617,92.805
2.7627,93.81
2.7637,93.091
2.7646,93.122
2.7656,92.851
2.7666,93.9
2.7676,92.52
2.7686,94.339
2.7695,94.101
2.7705,93.633
2.7715,92.363
2.7725,93.512
2.7734,93.392
2.7744,93.221
2.7754,93.909
2.7764,92.812
2.7773,92.926
2.7783,92.645
2.7793,93.09
2.7803,93.022
2.7812,93.178
2.7822,93.21
2.7832,91.669
2.7842,93.906
2.7852,94.639
2.7861,92.933
2.7871,92.922
2.7881,94.263
2.7891,93.104
2.79,93.376
2.791,93.055
2.792,93.306
2.793,93.327
2.7939,93.595
2.7949,93.277
2.7959,93.318
2.7969,92.174
2.7979,93.317
2.7988,93.735
2.7998,92.7
2.8008,93.392
2.8018,94.073
2.8027,93.561
2.8037,92.679
2.8047,92.785
2.8057,92.993
2.8066,94.459
2.8076,93.459
2.8086,93.344
2.8096,93.417
2.8105,93.459
2.8115,93.155
2.8125,92.977
2.8135,93.018
2.8145,93.566
2.8154,92.747
2.8164,91.178
2.8174,92.61
2.8184,93.398
2.8193,93.177
2.8203,93.793
2.8213,94.103
2.8223,94.186
2.8232,93.466
2.8242,92.505
2.8252,92.686
2.8262,93.73
2.8271,93.32
2.8281,93.561
2.8291,93.215
2.8301,92.982
2.8311,93.79
2.832,93.368
2.833,92.455
2.834,92.637
2.835,93.193
2.8359,93.369
2.8369,93.406
2.8379,92.979
2.8389,92.132
2.8398,93.863
2.8408,92.551
2.8418,93.218
2.8428,93.445
2.8438,93.3
2.8447,92.913
2.8457,93.766
2.8467,93.568
2.8477,92.277
2.8486,92.421
2.8496,92.652
2.8506,92.172
2.8516,93.322
2.8525,92.714
2.8535,93.883
2.8545,93.231
2.8555,93.091
2.8564,94.035
2.8574,93.639
2.8584,93.556
2.8594,92.856
2.8604,94.263
2.8613,92.628
2.8623,93.08
2.8633,93.9
2.8643,93.301
2.8652,93.648
2.8662,92.888
2.8672,92.962
2.8682,93.051
2.8691,92.891
2.8701,92.734
2.8711,94.124
2.8721,92.93
2.873,93.531
2.874,93.758
2.875,92.751
2.876,93.641
2.877,93.315
2.8779,92.271
2.8789,93.785
2.8799,93.726
2.8809,92.512
2.8818,93.396
2.8828,94.649
2.8838,93.789
2.8848,93.593
2.8857,93.239
2.8867,91.717
2.8877,93.448
2.8887,94.051
2.8896,92.173
2.8906,93.947
2.8916,93.517
2.8926,94.333
2.8936,93.759
2.8945,94.417
2.8955,93.833
2.8965,92.822
2.8975,92.986
2.8984,92.629
2.8994,92.8
2.9004,92.073
2.9014,93.21
2.9023,92.716
2.9033,92.583
2.9043,93.248
2.9053,93.88
2.9062,93.518
2.9072,92.064
2.9082,93.46
2.9092,92.554
2.9102,93.131
2.9111,93.528
2.9121,93.675
2.9131,93.045
2.9141,93.648
2.915,93.017
2.916,92.29
2.917,93.034
2.918,93.386
2.9189,93.531
2.9199,93.404
2.9209,93.477
2.9219,92.989
2.9229,92.77
2.9238,93.205
2.9248,94.088
2.9258,93.032
2.9268,92.975
2.9277,93.816
2.9287,92.455
2.9297,92.905
2.9307,94.306
2.9316,93.579
2.9326,93.653
2.9336,93.379
2.9346,93.081
2.9355,93.559
2.9365,92.7
2.9375,92.802
2.9385,93.322
2.9395,94.047
2.9404,93.935
2.9414,92.978
2.9424,92.595
2.9434,93.63
2.9443,94.014
2.9453,93.657
2.9463,93.132
2.9473,93.087
2.9482,93.652
2.9492,93.326
2.9502,93.2
2.9512,93.479
2.9521,93.879
2.9531,93.209
2.9541,92.849
2.9551,92.692
2.9561,92.869
2.957,92.283
2.958,92.903
2.959,93.276
2.96,93.126
2.9609,92.887
2.9619,93.228
2.9629,92.956
2.9639,93.15
2.9648,93.488
2.9658,92.194
2.9668,93.385
2.9678,94.164
2.9688,92.548
2.9697,93.879
2.9707,93.998
2.9717,93.613
2.9727,93.608
2.9736,93.758
2.9746,92.185
2.9756,94.177
2.9766,92.989
2.9775,94.145
2.9785,93.397
2.9795,92.907
2.9805,92.943
2.9814,92.292
2.9824,92.532
2.9834,93.054
2.9844,93.257
2.9854,93.638
2.9863,94.038
2.9873,93.574
2.9883,92.504
2.9893,93.802
2.9902,92.399
2.9912,94.103
2.9922,92.341
2.9932,92.61
2.9941,92.949
2.9951,92.783
2.9961,94.117
2.9971,92.223
2.998,92.755
2.999,92.599
3,93.124
3.001,93.009
3.002,93.668
3.0029,93.338
3.0039,93.212
3.0049,92.988
3.0059,93.131
3.0068,93.253
3.0078,92.941
3.0088,94.114
3.0098,93.698
3.0107,92.072
3.0117,92.395
3.0127,93.69
3.0137,94.651
3.0146,93.319
3.0156,92.993
3.0166,93.532
3.0176,93.769
3.0186,93.591
3.0195,93.545
3.0205,93.703
3.0215,92.615
3.0225,93.472
3.0234,92.989
3.0244,92.84
3.0254,93.103
3.0264,93.908
3.0273,93.566
3.0283,93.633
3.0293,93.59
3.0303,94.129
3.0312,93.999
3.0322,92.555
3.0332,93.719
3.0342,93.276
3.0352,93.679
3.0361,92.533
3.0371,93.249
3.0381,93.027
3.0391,94.028
3.04,92.948
3.041,93.515
3.042,93.658
3.043,93.207
3.0439,92.894
3.0449,92.596
3.0459,94.3
3.0469,92.695
3.0479,93.318
3.0488,93.067
3.0498,92.206
3.0508,93.119
3.0518,92.868
3.0527,94.746
3.0537,93
3.0547,93.116
3.0557,92.972
3.0566,93.747
3.0576,93.257
3.0586,92.344
3.0596,92.641
3.0605,93.118
3.0615,93.42
3.0625,93.451
3.0635,93.15
3.0645,94.081
3.0654,93.517
3.0664,92.325
3.0674,93.509
3.0684,92.71
3.0693,93.606
3.0703,93.487
3.0713,93.054
3.0723,93.449
3.0732,94.181
3.0742,93.11
3.0752,93.056
3.0762,93.46
3.0771,93.795
3.0781,94.238
3.0791,92.783
3.0801,92.861
3.0811,94.187
3.082,92.981
3.083,94.129
3.084,93.137
3.085,93.233
3.0859,92.851
3.0869,93.865
3.0879,93.591
3.0889,93.348
3.0898,93.867
3.0908,93.695
3.0918,93.964
3.0928,93.162
3.0938,93.475
3.0947,93.538
3.0957,93.134
3.0967,93.614
3.0977,93.457
3.0986,93.848
3.0996,92.788
3.1006,93.333
3.1016,93.724
3.1025,93.561
3.1035,91.869
3.1045,93.743
3.1055,93.116
3.1064,92.613
3.1074,93.032
3.1084,92.724
3.1094,93.58
3.1104,93.429
3.1113,93.678
3.1123,93.058
3.1133,93.247
3.1143,92.808
3.1152,93.51
3.1162,93.029
3.1172,92.774
3.1182,93.6
3.1191,93.736
3.1201,92.862
3.1211,93.453
3.1221,92.213
3.123,93.745
3.124,94.172
3.125,92.136
3.126,92.768
3.127,94.009
3.1279,93.948
3.1289,92.758
3.1299,92.676
3.1309,93.821
3.1318,93.767
3.1328,93.523
3.1338,92.85
3.1348,93.525
3.1357,94.21
3.1367,92.616
3.1377,92.949
3.1387,93.471
3.1396,94.093
3.1406,94.316
3.1416,93.151
3.1426,92.187
3.1436,94.114
3.1445,93.46
3.1455,94.313
3.1465,92.787
3.1475,93.422
3.1484,92.888
3.1494,93.941
3.1504,94.02
3.1514,94.117
3.1523,93.043
3.1533,93.389
3.1543,95.193
3.1553,93.01
3.1562,93.417
3.1572,94.108
3.1582,93.906
3.1592,93.239
3.1602,93.098
3.1611,93.114
3.1621,93.695
3.1631,93.46
3.1641,93.228
3.165,93.042
3.166,92.951
3.167,93.917
3.168,93.468
3.1689,93.468
3.1699,94.418
3.1709,93.502
3.1719,93.922
3.1729,93.81
3.1738,93.962
3.1748,94.167
3.1758,93.268
3.1768,93.129
3.1777,93.286
3.1787,92.812
3.1797,94.096
3.1807,93.616
3.1816,94.731
3.1826,94.054
3.1836,94.237
3.1846,94.726
3.1855,93.489
3.1865,93.298
3.1875,93.327
3.1885,93.3
3.1895,93.4
3.1904,93.884
3.1914,93.794
3.1924,93.977
3.1934,93.336
3.1943,92.369
3.1953,94.397
3.1963,92.889
3.1973,92.434
3.1982,93.855
3.1992,93.335
3.2002,92.904
3.2012,93.353
3.2021,93.334
3.2031,93.048
3.2041,93.28
3.2051,92.372
3.2061,92.094
3.207,93.373
3.208,93.082
3.209,93.615
3.21,93.389
3.2109,93.982
3.2119,92.67
3.2129,93.289
3.2139,94.433
3.2148,92.183
3.2158,93.719
3.2168,93.16
3.2178,93.504
3.2188,93.182
3.2197,92.935
3.2207,92.791
3.2217,92.616
3.2227,93.729
3.2236,93.521
3.2246,93.738
3.2256,93.515
3.2266,93.062
3.2275,93.361
3.2285,92.907
3.2295,93.627
3.2305,92.555
3.2314,92.57
3.2324,93.898
3.2334,93.095
3.2344,93.824
3.2354,93.32
3.2363,92.789
3.2373,93.496
3.2383,93.322
3.2393,93.097
3.2402,93.693
3.2412,93.735
3.2422,93.082
3.2432,93.033
3.2441,92.765
3.2451,94.078
3.2461,93.354
3.2471,93.823
3.248,92.736
3.249,92.911
3.25,92.635
3.251,92.554
3.252,93.211
3.2529,93.004
3.2539,93.426
3.2549,92.967
3.2559,93.311
3.2568,92.926
3.2578,93.781
3.2588,94.057
3.2598,92.95
3.2607,93.262
3.2617,93.861
3.2627,93.843
3.2637,93.977
3.2646,93.756
3.2656,93.523
3.2666,93.138
3.2676,93.114
3.2686,92.171
3.2695,93.828
3.2705,93.31
3.2715,93.892
3.2725,93.935
3.2734,93.46
3.2744,93.016
3.2754,93.841
3.2764,93.633
3.2773,93.201
3.2783,93.127
3.2793,92.554
3.2803,92.99
3.2812,93.414
3.2822,93.085
3.2832,93.215
3.2842,92.989
3.2852,93.282
3.2861,94.227
3.2871,93.827
3.2881,92.791
3.2891,92.96
3.29,92.502
3.291,93.32
3.292,93.439
3.293,94.066
3.2939,92.949
3.2949,93.91
3.2959,93.923
3.2969,93.889
3.2979,93.124
3.2988,93.88
3.2998,93.553
3.3008,93.827
3.3018,93.194
3.3027,94.141
3.3037,93.135
3.3047,93.261
3.3057,92.802
3.3066,93.594
3.3076,93.268
3.3086,94.095
3.3096,93.326
3.3105,93.406
3.3115,93.743
3.3125,92.606
3.3135,92.946
3.3145,93.298
3.3154,93.553
3.3164,93.908
3.3174,93.671
3.3184,93.688
3.3193,93.015
3.3203,93.43
3.3213,93.17
3.3223,93.391
3.3232,94.039
3.3242,94.492
3.3252,94.195
3.3262,92.575
3.3271,93.288
3.3281,92.916
3.3291,93.711
3.3301,93.211
3.3311,94.032
3.332,93.724
3.333,92.776
3.334,93.995
3.335,93.852
3.3359,93.298
3.3369,93.821
3.3379,92.575
3.3389,93.526
3.3398,93.284
3.3408,93.838
3.3418,93.521
3.3428,94.035
3.3438,92.801
3.3447,92.795
3.3457,93.482
3.3467,93.367
3.3477,93.296
3.3486,93.851
3.3496,92.744
3.3506,93.573
3.3516,93.373
3.3525,93.001
3.3535,93.455
3.3545,92.181
3.3555,92.986
3.3564,93.838
3.3574,93.929
3.3584,93.787
3.3594,92.63
3.3604,93.049
3.3613,94.061
3.3623,94.009
3.3633,94.242
3.3643,93.845
3.3652,92.722
3.3662,93.315
3.3672,92.515
3.3682,93.419
3.3691,93.719
3.3701,93.481
3.3711,92.969
3.3721,92.628
3.373,93.16
3.374,92.403
3.375,92.952
3.376,93.225
3.377,92.557
3.3779,92.584
3.3789,93.489
3.3799,92.408
3.3809,94.335
3.3818,93.208
3.3828,92.946
3.3838,93.049
3.3848,92.992
3.3857,92.665
3.3867,93.583
3.3877,92.947
3.3887,94.367
3.3896,93.115
3.3906,93.633
3.3916,93.642
3.3926,92.749
3.3936,92.171
3.3945,93.24
3.3955,92.477
3.3965,94.181
3.3975,92.71
3.3984,92.99
3.3994,92.969
3.4004,92.654
3.4014,93.226
3.4023,92.857
3.4033,92.794
3.4043,93.351
3.4053,92.147
3.4062,93.753
3.4072,92.683
3.4082,93.407
3.4092,94.49
3.4102,93.212
3.4111,93.74
3.4121,94.795
3.4131,93.51
3.4141,93.28
3.415,92.061
3.416,92.764
3.417,94.419
3.418,93.876
3.4189,92.342
3.4199,93.548
3.4209,93.863
3.4219,93.945
3.4229,93.814
3.4238,93.546
3.4248,92.512
3.4258,92.297
3.4268,92.815
3.4277,93.615
3.4287,92.129
3.4297,93.269
3.4307,93.233
3.4316,93.102
3.4326,94.087
3.4336,93.385
3.4346,93.621
3.4355,92.629
3.4365,93.596
3.4375,95.398
3.4385,93.358
3.4395,94.313
3.4404,93.102
3.4414,92.955
3.4424,94.116
3.4434,92.517
3.4443,93.573
3.4453,93.15
3.4463,94.013
3.4473,92.994
3.4482,93.13
3.4492,93.066
3.4502,92.481
3.4512,93.41
3.4521,93.855
3.4531,94.02
3.4541,94.547
3.4551,93.869
3.4561,93.542
3.457,92.941
3.458,92.764
3.459,93.567
3.46,93.382
3.4609,92.923
3.4619,93.516
3.4629,92.518
3.4639,92.994
3.4648,94.272
3.4658,93.178
3.4668,94.145
3.4678,93.386
3.4688,93.425
3.4697,93.343
3.4707,94.363
3.4717,94.408
3.4727,93.298
3.4736,92.669
3.4746,94.116
3.4756,93.725
3.4766,93.789
3.4775,93.222
3.4785,94.013
3.4795,94.332
3.4805,93.414
3.4814,92.586
3.4824,93.033
3.4834,93.575
3.4844,93.785
3.4854,93.688
3.4863,93.958
3.4873,93.39
3.4883,93.359
3.4893,92.99
3.4902,94.373
3.4912,93.293
3.4922,93.727
3.4932,93.903
3.4941,93.526
3.4951,92.811
3.4961,93.681
3.4971,93.776
3.498,93.462
3.499,93.108
3.5,92.763
3.501,92.767
3.502,93.13
3.5029,92.966
3.5039,93.326
3.5049,93.656
3.5059,93.207
3.5068,93.009
3.5078,94.203
3.5088,94.625
3.5098,92.389
3.5107,94.111
3.5117,93.584
3.5127,93.271
3.5137,93.55
3.5146,94.346
3.5156,94.037
3.5166,93.767
3.5176,92.65
3.5186,93.496
3.5195,92.525
3.5205,93.069
3.5215,92.827
3.5225,93.36
3.5234,93.119
3.5244,93.64
3.5254,93.013
3.5264,92.389
3.5273,93.955
3.5283,93.382
3.5293,93.253
3.5303,93.394
3.5312,93.567
3.5322,92.592
3.5332,93.254
3.5342,94.273
3.5352,93.272
3.5361,92.913
3.5371,93.695
3.5381,93.273
3.5391,93.899
3.54,93.64
3.541,92.94
3.542,93.698
3.543,93.093
3.5439,92.838
3.5449,93.332
3.5459,92.243
3.5469,92.744
3.5479,93.761
3.5488,93.422
3.5498,92.742
3.5508,93.162
3.5518,92.638
3.5527,93.555
3.5537,93.103
3.5547,91.787
3.5557,93.448
3.5566,94.235
3.5576,93.798
3.5586,93.242
3.5596,92.776
3.5605,93.51
3.5615,94.057
3.5625,93.612
3.5635,92.903
3.5645,94.19
3.5654,93.074
3.5664,93.086
3.5674,93.277
3.5684,94.453
3.5693,93.009
3.5703,92.722
3.5713,94.089
3.5723,93.738
3.5732,93.663
3.5742,93.878
3.5752,93.138
3.5762,93.27
3.5771,93.644
3.5781,92.663
3.5791,94.409
3.5801,92.994
3.5811,94.287
3.582,93.068
3.583,92.88
3.584,94.426
3.585,93.066
3.5859,92.936
3.5869,93.436
3.5879,94.122
3.5889,92.691
3.5898,91.488
3.5908,93.299
3.5918,93.148
3.5928,93.597
3.5938,93.144
3.5947,92.386
3.5957,93.058
3.5967,93.346
3.5977,93.591
3.5986,93.92
3.5996,93.022
3.6006,93.92
3.6016,93.107
3.6025,93.068
3.6035,93.506
3.6045,93.918
3.6055,92.842
3.6064,93.55
3.6074,92.596
3.6084,93.188
3.6094,93.441
3.6104,93.562
3.6113,92.84
3.6123,93.709
3.6133,93.699
3.6143,93.019
3.6152,94.052
3.6162,93.77
3.6172,94.538
3.6182,93.401
3.6191,93.796
3.6201,94.039
3.6211,93.582
3.6221,94.016
3.623,92.585
3.624,92.996
3.625,92.245
3.626,94.53
3.627,93.662
3.6279,94.067
3.6289,92.241
3.6299,93.21
3.6309,93.131
3.6318,94.445
3.6328,93.263
3.6338,94.466
3.6348,92.627
3.6357,92.401
3.6367,93.442
3.6377,93.032
3.6387,94.112
3.6396,92.902
3.6406,93.386
3.6416,94.079
3.6426,92.978
3.6436,92.935
3.6445,92.616
3.6455,92.409
3.6465,93.764
3.6475,93.328
3.6484,94.12
3.6494,93.119
3.6504,93.235
3.6514,92.696
3.6523,93.701
3.6533,91.84
3.6543,93.426
3.6553,93.483
3.6562,93.486
3.6572,93.055
3.6582,92.98
3.6592,93.529
3.6602,92.937
3.6611,92.974
3.6621,93.04
3.6631,92.706
3.6641,94.799
3.665,93.731
3.666,93.576
3.667,94.227
3.668,93.186
3.6689,93.014
3.6699,93.165
3.6709,93.386
3.6719,93.843
3.6729,93.065
3.6738,94.133
3.6748,93.582
3.6758,93.133
3.6768,92.675
3.6777,93.57
3.6787,93.315
3.6797,93.648
3.6807,94.492
3.6816,93.693
3.6826,93.2
3.6836,93.582
3.6846,92.821
3.6855,93.773
3.6865,92.372
3.6875,93.261
3.6885,93.74
3.6895,92.734
3.6904,93.117
3.6914,93.395
3.6924,92.705
3.6934,93.064
3.6943,93.325
3.6953,93.875
3.6963,93.365
3.6973,92.911
3.6982,93.459
3.6992,92.853
3.7002,93.126
3.7012,93.449
3.7021,94.165
3.7031,92.533
3.7041,93.121
3.7051,93.955
3.7061,93.083
3.707,92.9
3.708,92.682
3.709,93.372
3.71,93.98
3.7109,93.52
3.7119,93.531
3.7129,93.473
3.7139,93.361
3.7148,93.975
3.7158,92.752
3.7168,93.915
3.7178,94.075
3.7188,93.387
3.7197,93.673
3.7207,93.614
3.7217,93.274
3.7227,93.217
3.7236,94.098
3.7246,93.852
3.7256,92.588
3.7266,92.779
3.7275,92.426
3.7285,93.89
3.7295,92.206
3.7305,94.966
3.7314,93.824
3.7324,93.446
3.7334,92.768
3.7344,93.03
3.7354,93.464
3.7363,93.144
3.7373,94.128
3.7383,94.257
3.7393,93.943
3.7402,93.865
3.7412,93.563
3.7422,92.618
3.7432,92.853
3.7441,93.167
3.7451,93.833
3.7461,92.185
3.7471,93.593
3.748,91.824
3.749,93.923
3.75,93.328
3.751,94.848
3.752,93.126
3.7529,92.772
3.7539,92.623
3.7549,93.782
3.7559,93.537
3.7568,93.55
3.7578,93.395
3.7588,93.402
3.7598,92.829
3.7607,93.002
3.7617,93.532
3.7627,93.614
3.7637,93.158
3.7646,93.983
3.7656,93.593
3.7666,93.355
3.7676,93.468
3.7686,94.336
3.7695,93.71
3.7705,93.563
3.7715,93.708
3.7725,92.814
3.7734,94.036
3.7744,93.785
3.7754,93.326
3.7764,94.39
3.7773,93.907
3.7783,93.285
3.7793,93.415
3.7803,93.176
3.7812,92.499
3.7822,92.779
3.7832,93.143
3.7842,93.526
3.7852,93.123
3.7861,94.446
3.7871,92.72
3.7881,94.003
3.7891,93.2
3.79,93.339
3.791,93.235
3.792,93.177
3.793,94.59
3.7939,93.88
3.7949,92.996
3.7959,93.804
3.7969,93.113
3.7979,93.518
3.7988,93.284
3.7998,93.537
3.8008,93.195
3.8018,93.162
3.8027,94.245
3.8037,93.025
3.8047,94.173
3.8057,93.556
3.8066,93.118
3.8076,94.123
3.8086,93.187
3.8096,92.346
3.8105,92.82
3.8115,93.294
3.8125,92.872
3.8135,92.886
3.8145,92.044
3.8154,92.764
3.8164,93.056
3.8174,92.89
3.8184,93.755
3.8193,91.96
3.8203,92.824
3.8213,93.107
3.8223,93.297
3.8232,93.633
3.8242,93.224
3.8252,94.03
3.8262,92.825
3.8271,92.701
3.8281,93.676
3.8291,93.117
3.8301,92.495
3.8311,94.047
3.832,92.811
3.833,92.741
3.834,93.042
3.835,92.596
3.8359,93.448
3.8369,92.851
3.8379,92.601
3.8389,92.697
3.8398,93.57
3.8408,92.873
3.8418,93.864
3.8428,93.747
3.8438,93.559
3.8447,92.607
3.8457,93.411
3.8467,93.079
3.8477,93.515
3.8486,94.018
3.8496,93.177
3.8506,92.609
3.8516,93.52
3.8525,93.487
3.8535,93.493
3.8545,93.33
3.8555,93.489
3.8564,92.92
3.8574,93.011
3.8584,92.902
3.8594,92.653
3.8604,92.427
3.8613,91.993
3.8623,93.911
3.8633,93.318
3.8643,93.357
3.8652,93.197
3.8662,93.163
3.8672,93.68
3.8682,93.418
3.8691,93.346
3.8701,92.992
3.8711,92.968
3.8721,93.718
3.873,94.018
3.874,93.044
3.875,94.001
3.876,92.968
3.877,93.197
3.8779,92.745
3.8789,93.619
3.8799,93.339
3.8809,94.09
3.8818,92.747
3.8828,93.296
3.8838,93.507
3.8848,93.54
3.8857,94.416
3.8867,93.669
3.8877,92.87
3.8887,92.991
3.8896,93.788
3.8906,92.795
3.8916,93.231
3.8926,93.44
3.8936,93.706
3.8945,92.974
3.8955,93.342
3.8965,92.714
3.8975,94.713
3.8984,93.383
3.8994,93.698
3.9004,92.292
3.9014,92.675
3.9023,93.219
3.9033,92.645
3.9043,93.496
3.9053,92.999
3.9062,93.278
3.9072,92.478
3.9082,93.78
3.9092,93.237
3.9102,93.163
3.9111,92.63
3.9121,92.392
3.9131,92.562
3.9141,93.653
3.915,93.451
3.916,93.368
3.917,92.995
3.918,93.269
3.9189,94.467
3.9199,92.872
3.9209,93.576
3.9219,92.014
3.9229,93.866
3.9238,92.617
3.9248,93.488
3.9258,93.749
3.9268,93.677
3.9277,93.405
3.9287,93.697
3.9297,94.581
3.9307,93.714
3.9316,92.711
3.9326,92.735
3.9336,93.09
3.9346,93.055
3.9355,93.16
3.9365,93.087
3.9375,92.411
3.9385,93.234
3.9395,93.508
3.9404,93.257
3.9414,93.031
3.9424,93.66
3.9434,93.531
3.9443,92.919
3.9453,92.912
3.9463,92.45
3.9473,93.434
3.9482,93.806
3.9492,92.914
3.9502,93.819
3.9512,93.173
3.9521,92.407
3.9531,93.062
3.9541,94.145
3.9551,94.737
3.9561,93.201
3.957,92.692
3.958,93.055
3.959,93.014
3.96,93.737
3.9609,93.634
3.9619,93.359
3.9629,93.657
3.9639,93.906
3.9648,93.272
3.9658,93.127
3.9668,93.463
3.9678,92.389
3.9688,93.604
3.9697,93.429
3.9707,94.272
3.9717,92.429
3.9727,94.319
3.9736,94.099
3.9746,92.087
3.9756,94.068
3.9766,92.698
3.9775,93.629
3.9785,92.766
3.9795,92.116
3.9805,93.114
3.9814,93.259
3.9824,92.877
3.9834,91.475
3.9844,93.409
3.9854,93.361
3.9863,93.524
3.9873,92.92
3.9883,92.391
3.9893,95.029
3.9902,93.468
3.9912,93.204
3.9922,93.856
3.9932,93.898
3.9941,92.775
3.9951,93.62
3.9961,92.978
3.9971,93.78
3.998,92.858
3.999,93.726
4,93.545
4.001,92.86
4.002,93.431
4.0029,92.437
4.0039,92.316
4.0049,93.547
4.0059,93.278
4.0068,93.768
4.0078,93.791
4.0088,92.256
4.0098,92.261
4.0107,93.607
4.0117,94.233
4.0127,92.821
4.0137,93.558
4.0146,93.158
4.0156,93.13
4.0166,94.634
4.0176,93.281
4.0186,93.14
4.0195,93.049
4.0205,94.026
4.0215,92.89
4.0225,93.749
4.0234,93.6
4.0244,92.975
4.0254,93.256
4.0264,93.879
4.0273,93.95
4.0283,92.534
