0.00097656,54.637
0.0019531,54.822
0.0029297,54.351
0.0039062,55.241
0.0048828,54.172
0.0058594,55.319
0.0068359,55.253
0.0078125,56.394
0.0087891,54.164
0.0097656,54.959
0.010742,54.016
0.011719,54.562
0.012695,56.165
0.013672,54.418
0.014648,55.494
0.015625,55.062
0.016602,54.276
0.017578,55.395
0.018555,54.951
0.019531,54.879
0.020508,55.341
0.021484,54.898
0.022461,54.385
0.023438,54.752
0.024414,54.097
0.025391,55.535
0.026367,54.605
0.027344,54.993
0.02832,54.512
0.029297,55.171
0.030273,54.249
0.03125,54.99
0.032227,55.24
0.033203,54.605
0.03418,54.734
0.035156,54.907
0.036133,55.579
0.037109,55.591
0.038086,55.748
0.039062,53.56
0.040039,54.828
0.041016,54.405
0.041992,55.112
0.042969,54.691
0.043945,54.599
0.044922,54.085
0.045898,54.65
0.046875,55.34
0.047852,55.347
0.048828,54.552
0.049805,53.735
0.050781,54.789
0.051758,55.267
0.052734,55.367
0.053711,55.317
0.054688,54.909
0.055664,54.827
0.056641,55.646
0.057617,54.588
0.058594,54.347
0.05957,54.434
0.060547,55.039
0.061523,55.428
0.0625,54.83
0.063477,55.6
0.064453,55.13
0.06543,53.464
0.066406,54.706
0.067383,54.809
0.068359,55.074
0.069336,55.682
0.070312,55.363
0.071289,54.453
0.072266,55.377
0.073242,54.548
0.074219,54.41
0.075195,54.655
0.076172,55.083
0.077148,55.101
0.078125,54.232
0.079102,55.23
0.080078,55.413
0.081055,54.48
0.082031,55.142
0.083008,55.091
0.083984,55.231
0.084961,55.653
0.085938,55.551
0.086914,54.009
0.087891,54.082
0.088867,55.722
0.089844,54.574
0.09082,53.914
0.091797,53.74
0.092773,54.343
0.09375,55.076
0.094727,55.322
0.095703,55.331
0.09668,55.306
0.097656,54.753
0.098633,53.99
0.099609,54.94
0.10059,54.304
0.10156,53.758
0.10254,55.424
0.10352,54.784
0.10449,54.818
0.10547,55.059
0.10645,54.407
0.10742,54.973
0.1084,55.083
0.10938,55.348
0.11035,54.875
0.11133,55.361
0.1123,55.006
0.11328,55.055
0.11426,54.646
0.11523,54.369
0.11621,54.794
0.11719,54.808
0.11816,54.79
0.11914,54.899
0.12012,54.673
0.12109,55.213
0.12207,54.448
0.12305,54.43
0.12402,55.314
0.125,54.205
0.12598,55.036
0.12695,54.774
0.12793,54.718
0.12891,54.264
0.12988,54.542
0.13086,54.012
0.13184,55.649
0.13281,53.413
0.13379,54.016
0.13477,54.709
0.13574,53.93
0.13672,56.109
0.1377,55.573
0.13867,54.829
0.13965,54.782
0.14062,54.366
0.1416,54.429
0.14258,54.779
0.14355,54.355
0.14453,55.492
0.14551,54.758
0.14648,56.207
0.14746,54.674
0.14844,55.726
0.14941,55.153
0.15039,54.664
0.15137,55.188
0.15234,55.486
0.15332,54.339
0.1543,55.014
0.15527,54.053
0.15625,55.874
0.15723,55.476
0.1582,55.863
0.15918,55.531
0.16016,54.506
0.16113,55.256
0.16211,53.599
0.16309,53.504
0.16406,55.746
0.16504,54.871
0.16602,54.989
0.16699,54.2
0.16797,54.113
0.16895,54.856
0.16992,54.534
0.1709,54.826
0.17188,54.798
0.17285,55.439
0.17383,54.995
0.1748,54.768
0.17578,54.344
0.17676,54.937
0.17773,55.178
0.17871,55.376
0.17969,54.522
0.18066,54.732
0.18164,55.082
0.18262,55.166
0.18359,54.771
0.18457,56.734
0.18555,55.401
0.18652,54.159
0.1875,54.763
0.18848,54.471
0.18945,54.06
0.19043,55.068
0.19141,54.366
0.19238,55.483
0.19336,53.875
0.19434,55.226
0.19531,54.293
0.19629,55.094
0.19727,54.484
0.19824,54.976
0.19922,53.549
0.2002,54.811
0.20117,55.702
0.20215,55.615
0.20312,54.597
0.2041,55.252
0.20508,54.987
0.20605,55.781
0.20703,56.052
0.20801,54.326
0.20898,55.289
0.20996,55.195
0.21094,54.8
0.21191,55.205
0.21289,53.806
0.21387,55.475
0.21484,54.843
0.21582,54.632
0.2168,54.796
0.21777,55.158
0.21875,54.337
0.21973,55.242
0.2207,54.596
0.22168,55.528
0.22266,54.956
0.22363,55.105
0.22461,55.81
0.22559,53.67
0.22656,55.001
0.22754,54.176
0.22852,53.707
0.22949,55.021
0.23047,54.635
0.23145,55.062
0.23242,55.91
0.2334,55.517
0.23438,54.82
0.23535,55.04
0.23633,53.976
0.2373,54.721
0.23828,55.406
0.23926,55.409
0.24023,55.619
0.24121,54.929
0.24219,55.271
0.24316,55.319
0.24414,55.085
0.24512,53.944
0.24609,55.099
0.24707,54.903
0.24805,54.069
0.24902,55.022
0.25,55.555
0.25098,53.831
0.25195,55.171
0.25293,54.662
0.25391,54.094
0.25488,55.367
0.25586,54.572
0.25684,55.523
0.25781,55.362
0.25879,55.196
0.25977,54.016
0.26074,54.886
0.26172,54.62
0.2627,55.71
0.26367,54.433
0.26465,54.418
0.26562,54.681
0.2666,54.714
0.26758,55.024
0.26855,54.966
0.26953,54.693
0.27051,54.965
0.27148,54.504
0.27246,54.544
0.27344,54.849
0.27441,54.602
0.27539,54.444
0.27637,54.552
0.27734,55.936
0.27832,54.259
0.2793,54.527
0.28027,55.96
0.28125,54.623
0.28223,54.442
0.2832,54.709
0.28418,54.718
0.28516,55.545
0.28613,54.254
0.28711,55.318
0.28809,55.103
0.28906,53.975
0.29004,55.1
0.29102,54.129
0.29199,54.852
0.29297,53.917
0.29395,54.916
0.29492,54.676
0.2959,54.785
0.29688,55.088
0.29785,54.403
0.29883,54.881
0.2998,55.716
0.30078,53.866
0.30176,56.006
0.30273,55.274
0.30371,55.266
0.30469,54.715
0.30566,54.427
0.30664,54.636
0.30762,55.803
0.30859,54.608
0.30957,54.704
0.31055,53.805
0.31152,54.961
0.3125,55.236
0.31348,55.433
0.31445,55.447
0.31543,55.273
0.31641,55.339
0.31738,55.252
0.31836,54.612
0.31934,55.378
0.32031,56.22
0.32129,54.499
0.32227,55.238
0.32324,55.366
0.32422,54.585
0.3252,54.535
0.32617,54.65
0.32715,54.616
0.32812,54.796
0.3291,55.088
0.33008,55.208
0.33105,54.939
0.33203,55.038
0.33301,54.704
0.33398,54.72
0.33496,55.66
0.33594,55.34
0.33691,54.659
0.33789,54.122
0.33887,54.844
0.33984,54.161
0.34082,54.283
0.3418,53.962
0.34277,54.733
0.34375,54.602
0.34473,55.4
0.3457,54.144
0.34668,55.46
0.34766,55.583
0.34863,54.546
0.34961,53.952
0.35059,54.591
0.35156,54.549
0.35254,55.412
0.35352,54.606
0.35449,54.428
0.35547,54.769
0.35645,55.08
0.35742,56.321
0.3584,55.062
0.35938,55.813
0.36035,54.822
0.36133,54.232
0.3623,55.105
0.36328,54.754
0.36426,54.875
0.36523,54.791
0.36621,55.258
0.36719,54.179
0.36816,55.566
0.36914,55.369
0.37012,54.558
0.37109,54.176
0.37207,54.511
0.37305,54.467
0.37402,55.032
0.375,54.2
0.37598,54.159
0.37695,55.28
0.37793,54.612
0.37891,55.089
0.37988,55.676
0.38086,54.504
0.38184,55.848
0.38281,54.3
0.38379,54.534
0.38477,54.079
0.38574,54.9
0.38672,54.736
0.3877,55.807
0.38867,54.884
0.38965,54.14
0.39062,54.863
0.3916,54.613
0.39258,55.445
0.39355,54.399
0.39453,54.006
0.39551,54.486
0.39648,54.345
0.39746,54.94
0.39844,54.148
0.39941,54.848
0.40039,55.498
0.40137,55.099
0.40234,55.201
0.40332,54.201
0.4043,54.617
0.40527,56.072
0.40625,53.856
0.40723,55.269
0.4082,55.039
0.40918,54.257
0.41016,55.173
0.41113,55.317
0.41211,55.136
0.41309,54.427
0.41406,55.184
0.41504,54.055
0.41602,54.215
0.41699,55.462
0.41797,54.756
0.41895,55.036
0.41992,55.902
0.4209,54.584
0.42188,53.092
0.42285,54.814
0.42383,54.622
0.4248,54.815
0.42578,54.9
0.42676,53.812
0.42773,54.799
0.42871,54.433
0.42969,54.334
0.43066,54.556
0.43164,54.963
0.43262,55.423
0.43359,55.734
0.43457,54.588
0.43555,54.636
0.43652,54.309
0.4375,55.535
0.43848,54.672
0.43945,53.799
0.44043,54.006
0.44141,54.742
0.44238,53.483
0.44336,54.192
0.44434,55.048
0.44531,53.211
0.44629,54.524
0.44727,54.873
0.44824,53.934
0.44922,54.65
0.4502,55.261
0.45117,55.546
0.45215,53.496
0.45312,55.355
0.4541,55.481
0.45508,54.603
0.45605,55.61
0.45703,54.643
0.45801,55.147
0.45898,54.923
0.45996,55.125
0.46094,54.705
0.46191,55.664
0.46289,55.137
0.46387,54.974
0.46484,54.554
0.46582,54.528
0.4668,54.897
0.46777,54.605
0.46875,55.006
0.46973,55.253
0.4707,54.443
0.47168,54.473
0.47266,54.91
0.47363,55.511
0.47461,55.985
0.47559,55.203
0.47656,54.44
0.47754,55.038
0.47852,55.594
0.47949,55.359
0.48047,55.359
0.48145,54.917
0.48242,54.998
0.4834,54.659
0.48438,55.337
0.48535,54.94
0.48633,55.013
0.4873,55.899
0.48828,56.076
0.48926,54.069
0.49023,54.276
0.49121,56.071
0.49219,54.034
0.49316,56.213
0.49414,54.357
0.49512,55.116
0.49609,53.497
0.49707,54.86
0.49805,54.451
0.49902,55.128
0.5,54.988
0.50098,54.187
0.50195,54.737
0.50293,54.137
0.50391,53.59
0.50488,55.048
0.50586,54.901
0.50684,56.095
0.50781,54.613
0.50879,54.591
0.50977,54.944
0.51074,54.924
0.51172,53.27
0.5127,55.593
0.51367,55.335
0.51465,55.779
0.51562,54.99
0.5166,55.011
0.51758,54.55
0.51855,55.353
0.51953,54.929
0.52051,55.224
0.52148,54.639
0.52246,53.495
0.52344,54.3
0.52441,54.876
0.52539,54.304
0.52637,55.254
0.52734,54.843
0.52832,55.589
0.5293,54.796
0.53027,55.188
0.53125,54.207
0.53223,55.502
0.5332,55.729
0.53418,54.735
0.53516,55.122
0.53613,54.4
0.53711,54.972
0.53809,54.57
0.53906,54.78
0.54004,54.064
0.54102,54.446
0.54199,54.359
0.54297,54.02
0.54395,55.117
0.54492,55.384
0.5459,54.371
0.54688,54.543
0.54785,53.933
0.54883,55.175
0.5498,55.126
0.55078,54.755
0.55176,54.367
0.55273,56.256
0.55371,54.577
0.55469,54.731
0.55566,54.574
0.55664,54.829
0.55762,54.653
0.55859,55.328
0.55957,54.808
0.56055,54.639
0.56152,54.528
0.5625,53.526
0.56348,54.735
0.56445,54.777
0.56543,55.006
0.56641,55.199
0.56738,55.009
0.56836,55.214
0.56934,54.953
0.57031,54.46
0.57129,54.242
0.57227,55.182
0.57324,55.149
0.57422,54.503
0.5752,55.151
0.57617,54.188
0.57715,54.182
0.57812,54.566
0.5791,55.983
0.58008,54.504
0.58105,53.594
0.58203,54.916
0.58301,54.815
0.58398,55.238
0.58496,54.914
0.58594,53.835
0.58691,54.601
0.58789,55.227
0.58887,54.686
0.58984,55.54
0.59082,55.637
0.5918,54.417
0.59277,54.431
0.59375,54.8
0.59473,54.808
0.5957,54.963
0.59668,54.136
0.59766,55.179
0.59863,54.57
0.59961,54.253
0.60059,55.563
0.60156,53.988
0.60254,54.026
0.60352,55.248
0.60449,54.623
0.60547,55.571
0.60645,55.719
0.60742,55.244
0.6084,55.222
0.60938,54.993
0.61035,53.975
0.61133,55.339
0.6123,55.14
0.61328,55.114
0.61426,54.601
0.61523,55.887
0.61621,54.663
0.61719,54.554
0.61816,54.776
0.61914,53.502
0.62012,54.391
0.62109,55.143
0.62207,53.946
0.62305,55.14
0.62402,54.113
0.625,54.072
0.62598,54.133
0.62695,55.311
0.62793,53.873
0.62891,55.067
0.62988,54.697
0.63086,54.437
0.63184,56.52
0.63281,55.523
0.63379,55.198
0.63477,53.431
0.63574,55.168
0.63672,55.076
0.6377,53.756
0.63867,55.697
0.63965,54.169
0.64062,54.511
0.6416,54.064
0.64258,55.689
0.64355,54.427
0.64453,54.885
0.64551,55.451
0.64648,54.819
0.64746,55.833
0.64844,53.583
0.64941,54.679
0.65039,55.116
0.65137,54.757
0.65234,55.456
0.65332,55.371
0.6543,54.313
0.65527,54.892
0.65625,54.44
0.65723,55.527
0.6582,55.359
0.65918,53.844
0.66016,56.145
0.66113,54.275
0.66211,55.507
0.66309,54.545
0.66406,55.843
0.66504,55.489
0.66602,54.412
0.66699,54.242
0.66797,55.518
0.66895,54.713
0.66992,54.68
0.6709,55.969
0.67188,55.701
0.67285,54.741
0.67383,55.646
0.6748,53.853
0.67578,54.963
0.67676,55.058
0.67773,54.703
0.67871,54.479
0.67969,56.017
0.68066,55.023
0.68164,55.584
0.68262,54.667
0.68359,54.075
0.68457,53.979
0.68555,54.744
0.68652,56.073
0.6875,55.328
0.68848,53.931
0.68945,53.874
0.69043,55.639
0.69141,54.739
0.69238,55.443
0.69336,54.551
0.69434,54.8
0.69531,54.369
0.69629,55.069
0.69727,55.142
0.69824,55.027
0.69922,54.571
0.7002,54.838
0.70117,55.646
0.70215,56.31
0.70312,55.104
0.7041,54.488
0.70508,55.053
0.70605,56.114
0.70703,54.706
0.70801,53.966
0.70898,54.727
0.70996,53.938
0.71094,55.508
0.71191,55.16
0.71289,54.456
0.71387,54.297
0.71484,54.583
0.71582,55.542
0.7168,55.94
0.71777,54.879
0.71875,54.572
0.71973,55.42
0.7207,55.474
0.72168,54.999
0.72266,54.64
0.72363,53.524
0.72461,54.46
0.72559,55.087
0.72656,55.77
0.72754,55.154
0.72852,55.372
0.72949,54.796
0.73047,54.247
0.73145,53.681
0.73242,54.413
0.7334,54.617
0.73438,55.088
0.73535,55.828
0.73633,55.273
0.7373,55.016
0.73828,54.359
0.73926,54.265
0.74023,54.863
0.74121,54.529
0.74219,54.76
0.74316,55.034
0.74414,54.982
0.74512,54.565
0.74609,54.403
0.74707,54.192
0.74805,54.036
0.74902,55.183
0.75,55.154
0.75098,55.208
0.75195,55.356
0.75293,54.064
0.75391,54.299
0.75488,55.02
0.75586,55.102
0.75684,54.536
0.75781,55.724
0.75879,54.915
0.75977,53.597
0.76074,54.951
0.76172,55.116
0.7627,54.213
0.76367,55.901
0.76465,56.025
0.76562,56.504
0.7666,54.991
0.76758,54.917
0.76855,55.234
0.76953,54.748
0.77051,54.372
0.77148,54.267
0.77246,55.08
0.77344,55.531
0.77441,54.331
0.77539,55.296
0.77637,55.817
0.77734,54.345
0.77832,54.303
0.7793,54.652
0.78027,55.329
0.78125,54.985
0.78223,56.175
0.7832,54.434
0.78418,55.206
0.78516,54.554
0.78613,53.833
0.78711,55.28
0.78809,54.328
0.78906,54.8
0.79004,54.466
0.79102,54.59
0.79199,55.692
0.79297,54.861
0.79395,53.96
0.79492,54.303
0.7959,55.037
0.79688,54.962
0.79785,54.73
0.79883,54.701
0.7998,55.247
0.80078,53.781
0.80176,54.885
0.80273,54.501
0.80371,54.116
0.80469,55.554
0.80566,54.836
0.80664,55.171
0.80762,55.271
0.80859,55.028
0.80957,54.656
0.81055,55.108
0.81152,55.468
0.8125,55.323
0.81348,54.258
0.81445,54.822
0.81543,55.258
0.81641,54.359
0.81738,55.385
0.81836,54.033
0.81934,55.638
0.82031,54.697
0.82129,55.094
0.82227,55.201
0.82324,55.032
0.82422,55.441
0.8252,55.897
0.82617,55.755
0.82715,54.831
0.82812,53.877
0.8291,55.22
0.83008,55.436
0.83105,54.642
0.83203,54.674
0.83301,54.124
0.83398,55.104
0.83496,55.291
0.83594,54.609
0.83691,55.063
0.83789,55.539
0.83887,54.437
0.83984,55.067
0.84082,55.588
0.8418,55.294
0.84277,55.411
0.84375,54.864
0.84473,55.15
0.8457,54.054
0.84668,53.713
0.84766,54.727
0.84863,54.896
0.84961,54.592
0.85059,54.572
0.85156,54.381
0.85254,55.406
0.85352,55.8
0.85449,53.96
0.85547,53.948
0.85645,54.406
0.85742,54.745
0.8584,55.488
0.85938,55.73
0.86035,54.942
0.86133,55.347
0.8623,54.993
0.86328,54.754
0.86426,54.666
0.86523,55.181
0.86621,54.663
0.86719,55.163
0.86816,55.329
0.86914,55.613
0.87012,54.629
0.87109,53.963
0.87207,53.834
0.87305,55.52
0.87402,55.33
0.875,55.109
0.87598,54.544
0.87695,54.446
0.87793,55.272
0.87891,54.926
0.87988,55.182
0.88086,53.96
0.88184,55.92
0.88281,54.063
0.88379,55.439
0.88477,55.174
0.88574,55.123
0.88672,54.149
0.8877,54.619
0.88867,54.766
0.88965,54.821
0.89062,54.034
0.8916,54.48
0.89258,55.521
0.89355,55.667
0.89453,55.229
0.89551,55.371
0.89648,54.531
0.89746,54.797
0.89844,55.53
0.89941,54.989
0.90039,55.261
0.90137,54.472
0.90234,54.562
0.90332,54.659
0.9043,54.735
0.90527,54.782
0.90625,55.31
0.90723,55.082
0.9082,55.359
0.90918,54.4
0.91016,55.478
0.91113,55.103
0.91211,54.051
0.91309,54.276
0.91406,55.191
0.91504,55.356
0.91602,55.059
0.91699,54.741
0.91797,55.016
0.91895,55.004
0.91992,54.651
0.9209,54.642
0.92188,54.858
0.92285,54.751
0.92383,55.87
0.9248,54.237
0.92578,55.109
0.92676,55.465
0.92773,54.175
0.92871,55.184
0.92969,55.377
0.93066,54.969
0.93164,54.47
0.93262,56.044
0.93359,54.158
0.93457,53.741
0.93555,54.366
0.93652,56.154
0.9375,53.371
0.93848,54.074
0.93945,54.935
0.94043,54.944
0.94141,54.897
0.94238,54.672
0.94336,55.074
0.94434,55.295
0.94531,54.136
0.94629,55.311
0.94727,54.797
0.94824,55.003
0.94922,53.808
0.9502,54.583
0.95117,54.224
0.95215,56.178
0.95312,54.775
0.9541,54.282
0.95508,54.891
0.95605,54.236
0.95703,54.895
0.95801,53.616
0.95898,55.063
0.95996,54.854
0.96094,53.373
0.96191,54.802
0.96289,54.788
0.96387,54.742
0.96484,53.574
0.96582,55.014
0.9668,55.794
0.96777,55.873
0.96875,55.679
0.96973,55.448
0.9707,54.644
0.97168,55.333
0.97266,55.587
0.97363,55.885
0.97461,55.165
0.97559,54.165
0.97656,55.102
0.97754,54.411
0.97852,53.101
0.97949,54.779
0.98047,56.157
0.98145,55.319
0.98242,55.635
0.9834,54.898
0.98438,54.356
0.98535,55.687
0.98633,55.671
0.9873,54.332
0.98828,54.1
0.98926,54.805
0.99023,55.341
0.99121,54.676
0.99219,55.34
0.99316,54.419
0.99414,54.668
0.99512,55.415
0.99609,54.677
0.99707,55.679
0.99805,54.897
0.99902,56.067
1,54.69
1.001,54.66
1.002,54.621
1.0029,54.797
1.0039,55.433
1.0049,55.232
1.0059,54.313
1.0068,54.505
1.0078,54.27
1.0088,54.915
1.0098,55.057
1.0107,54.436
1.0117,54.782
1.0127,55.115
1.0137,54.48
1.0146,55.315
1.0156,54.658
1.0166,54.753
1.0176,53.984
1.0186,54.754
1.0195,55.76
1.0205,55.829
1.0215,55.156
1.0225,54.429
1.0234,54.403
1.0244,54.367
1.0254,54.67
1.0264,54.759
1.0273,55.468
1.0283,54.885
1.0293,55.889
1.0303,54.572
1.0312,55.105
1.0322,54.468
1.0332,54.91
1.0342,54.669
1.0352,55.135
1.0361,54.798
1.0371,55.58
1.0381,55.194
1.0391,54.875
1.04,55.131
1.041,54.694
1.042,54.757
1.043,54.581
1.0439,54.125
1.0449,54.764
1.0459,53.628
1.0469,55.417
1.0479,54.79
1.0488,54.821
1.0498,54.49
1.0508,55.369
1.0518,54.183
1.0527,55.509
1.0537,54.667
1.0547,53.911
1.0557,54.797
1.0566,55.052
1.0576,54.688
1.0586,55.829
1.0596,55.219
1.0605,54.85
1.0615,55.867
1.0625,56.026
1.0635,55.255
1.0645,54.603
1.0654,54.699
1.0664,54.619
1.0674,55.103
1.0684,54.425
1.0693,54.519
1.0703,55.784
1.0713,55.103
1.0723,55.286
1.0732,53.989
1.0742,54.591
1.0752,54.86
1.0762,54.321
1.0771,55.18
1.0781,55.291
1.0791,55.241
1.0801,54.897
1.0811,55.523
1.082,55.269
1.083,54.44
1.084,54.564
1.085,55.337
1.0859,54.398
1.0869,55.583
1.0879,54.925
1.0889,55.1
1.0898,54.79
1.0908,54.516
1.0918,55.87
1.0928,53.884
1.0938,56.142
1.0947,54.269
1.0957,54.459
1.0967,55.22
1.0977,55.137
1.0986,54.658
1.0996,53.906
1.1006,54.56
1.1016,54.952
1.1025,55.271
1.1035,55.126
1.1045,54.139
1.1055,54.988
1.1064,55.064
1.1074,53.871
1.1084,54.145
1.1094,54.33
1.1104,54.607
1.1113,55.327
1.1123,54.592
1.1133,54.893
1.1143,54.987
1.1152,54.157
1.1162,54.719
1.1172,54.975
1.1182,54.794
1.1191,55.499
1.1201,54.621
1.1211,54.837
1.1221,54.985
1.123,54.59
1.124,54.863
1.125,54.9
1.126,55.118
1.127,56.128
1.1279,54.361
1.1289,54.835
1.1299,54.124
1.1309,54.885
1.1318,54.2
1.1328,56.631
1.1338,54.873
1.1348,54.618
1.1357,56.166
1.1367,54.306
1.1377,56.171
1.1387,53.492
1.1396,54.63
1.1406,54.984
1.1416,55.802
1.1426,54.601
1.1436,54.781
1.1445,55.04
1.1455,53.302
1.1465,54.509
1.1475,55.185
1.1484,54.782
1.1494,53.832
1.1504,55.215
1.1514,54.154
1.1523,54.235
1.1533,55.842
1.1543,54.52
1.1553,55.58
1.1562,55.726
1.1572,54.29
1.1582,54.729
1.1592,55.459
1.1602,55.12
1.1611,54.146
1.1621,55.122
1.1631,55.545
1.1641,54.862
1.165,54.964
1.166,54.802
1.167,55.501
1.168,54.204
1.1689,55.67
1.1699,55.287
1.1709,54.431
1.1719,54.612
1.1729,53.951
1.1738,54.46
1.1748,55.945
1.1758,55.678
1.1768,54.873
1.1777,54.804
1.1787,55.124
1.1797,53.747
1.1807,54.888
1.1816,54.496
1.1826,54.103
1.1836,54.562
1.1846,54.081
1.1855,55.243
1.1865,54.351
1.1875,54.6
1.1885,55.033
1.1895,55.226
1.1904,54.867
1.1914,54.971
1.1924,54.762
1.1934,55.089
1.1943,54.596
1.1953,54.164
1.1963,54.315
1.1973,54.647
1.1982,55.231
1.1992,53.971
1.2002,54.799
1.2012,54.847
1.2021,53.78
1.2031,54.696
1.2041,54.987
1.2051,53.695
1.2061,55.035
1.207,54.173
1.208,53.94
1.209,54.29
1.21,54.731
1.2109,54.68
1.2119,54.539
1.2129,55.153
1.2139,54.461
1.2148,54.708
1.2158,55.163
1.2168,54.138
1.2178,54.068
1.2188,55.206
1.2197,54.947
1.2207,56.048
1.2217,55.275
1.2227,54.161
1.2236,55.64
1.2246,54.657
1.2256,54.378
1.2266,54.304
1.2275,54.816
1.2285,54.63
1.2295,54.193
1.2305,53.464
1.2314,53.444
1.2324,55.104
1.2334,55.889
1.2344,55.418
1.2354,54.323
1.2363,54.614
1.2373,54.344
1.2383,53.943
1.2393,55.402
1.2402,54.769
1.2412,54.733
1.2422,54.286
1.2432,55.601
1.2441,54.115
1.2451,54.499
1.2461,54.828
1.2471,54.998
1.248,53.692
1.249,54.256
1.25,54.549
1.251,55.713
1.252,55.014
1.2529,54.504
1.2539,55.862
1.2549,55.212
1.2559,54.337
1.2568,55.058
1.2578,54.346
1.2588,55.164
1.2598,54.546
1.2607,54.619
1.2617,54.24
1.2627,55.362
1.2637,54.853
1.2646,54.983
1.2656,54.384
1.2666,55.127
1.2676,53.734
1.2686,54.309
1.2695,54.844
1.2705,54.691
1.2715,55.022
1.2725,54.344
1.2734,54.308
1.2744,55.267
1.2754,53.928
1.2764,55.15
1.2773,54.065
1.2783,54.764
1.2793,55.395
1.2803,55.019
1.2812,54.733
1.2822,54.045
1.2832,55.061
1.2842,55.243
1.2852,54.967
1.2861,55.106
1.2871,55.285
1.2881,55.177
1.2891,54.142
1.29,54.704
1.291,55.213
1.292,54.934
1.293,55.143
1.2939,54.784
1.2949,55.607
1.2959,54.643
1.2969,55.025
1.2979,55.655
1.2988,54.385
1.2998,55.038
1.3008,54.92
1.3018,54.871
1.3027,54.136
1.3037,55.445
1.3047,55.202
1.3057,55.548
1.3066,55.751
1.3076,55.917
1.3086,54.994
1.3096,54.993
1.3105,55.991
1.3115,54.311
1.3125,54.085
1.3135,55.355
1.3145,54.802
1.3154,54.15
1.3164,55.447
1.3174,54.859
1.3184,54.314
1.3193,54.519
1.3203,54.788
1.3213,54.88
1.3223,53.25
1.3232,55.453
1.3242,55.661
1.3252,54.573
1.3262,55.127
1.3271,54.307
1.3281,54.915
1.3291,55.748
1.3301,53.756
1.3311,55.391
1.332,55.48
1.333,55.325
1.334,55.831
1.335,53.96
1.3359,55.145
1.3369,53.863
1.3379,55.278
1.3389,55.093
1.3398,54.955
1.3408,55.321
1.3418,54.489
1.3428,54.17
1.3438,54.189
1.3447,54.048
1.3457,55.324
1.3467,54.316
1.3477,55.56
1.3486,54.163
1.3496,55.523
1.3506,54.517
1.3516,54.822
1.3525,54.432
1.3535,54.751
1.3545,54.706
1.3555,54.847
1.3564,55.127
1.3574,54.287
1.3584,54.56
1.3594,54.89
1.3604,54.936
1.3613,54.966
1.3623,54.255
1.3633,53.903
1.3643,54.279
1.3652,54.634
1.3662,54.866
1.3672,55.496
1.3682,55.375
1.3691,54.256
1.3701,55.331
1.3711,55.125
1.3721,55.3
1.373,55.427
1.374,54.4
1.375,53.668
1.376,54.436
1.377,55.061
1.3779,54.828
1.3789,55.397
1.3799,55.241
1.3809,54.578
1.3818,55.384
1.3828,54.351
1.3838,55.312
1.3848,54.445
1.3857,54.624
1.3867,54.44
1.3877,54.623
1.3887,55.114
1.3896,54.296
1.3906,54.865
1.3916,54.167
1.3926,55.275
1.3936,55.262
1.3945,55.675
1.3955,54.826
1.3965,54.02
1.3975,54.358
1.3984,55.473
1.3994,55.438
1.4004,53.879
1.4014,55.06
1.4023,55.204
1.4033,55.712
1.4043,55.042
1.4053,54.335
1.4062,55.265
1.4072,53.895
1.4082,55.52
1.4092,54.076
1.4102,54.067
1.4111,54.227
1.4121,54.885
1.4131,54.953
1.4141,55.169
1.415,56.153
1.416,53.934
1.417,55.078
1.418,53.538
1.4189,54.798
1.4199,55.215
1.4209,54.86
1.4219,55.192
1.4229,54.596
1.4238,54.689
1.4248,53.754
1.4258,54.527
1.4268,55.607
1.4277,54.624
1.4287,56.507
1.4297,56.469
1.4307,55.1
1.4316,55.957
1.4326,56.131
1.4336,57.605
1.4346,57.063
1.4355,57.886
1.4365,57.926
1.4375,57.16
1.4385,59.196
1.4395,58.506
1.4404,59.117
1.4414,59.375
1.4424,59.838
1.4434,60.381
1.4443,60.642
1.4453,60.47
1.4463,59.6
1.4473,61.272
1.4482,61.687
1.4492,62.027
1.4502,61.118
1.4512,62.122
1.4521,63.096
1.4531,63.064
1.4541,63.335
1.4551,62.401
1.4561,62.919
1.457,63.45
1.458,64.018
1.459,65.383
1.46,64.57
1.4609,65.01
1.4619,65.475
1.4629,66.004
1.4639,65.097
1.4648,66.914
1.4658,66.179
1.4668,66.682
1.4678,66.825
1.4688,67.338
1.4697,67.741
1.4707,67.538
1.4717,68.065
1.4727,69.215
1.4736,68.594
1.4746,68.733
1.4756,68.486
1.4766,69.014
1.4775,67.955
1.4785,70.415
1.4795,69.487
1.4805,70.932
1.4814,70.309
1.4824,69.76
1.4834,69.366
1.4844,71.014
1.4854,71.442
1.4863,71.995
1.4873,72.326
1.4883,72.453
1.4893,72.67
1.4902,72.528
1.4912,73.339
1.4922,73.169
1.4932,73.089
1.4941,73.195
1.4951,74.016
1.4961,74.224
1.4971,74.467
1.498,74.584
1.499,74.738
1.5,75.348
1.501,75.415
1.502,74.397
1.5029,75.245
1.5039,75.408
1.5049,75.834
1.5059,76.468
1.5068,75.504
1.5078,76.022
1.5088,76.411
1.5098,77.328
1.5107,76.359
1.5117,77.551
1.5127,77.961
1.5137,77.561
1.5146,78.516
1.5156,79.212
1.5166,77.233
1.5176,77.873
1.5186,78.201
1.5195,78.97
1.5205,79.714
1.5215,79.359
1.5225,80.031
1.5234,79.605
1.5244,80.346
1.5254,80.012
1.5264,80.702
1.5273,79.522
1.5283,80.439
1.5293,80.768
1.5303,81.164
1.5312,80.841
1.5322,80.597
1.5332,81.084
1.5342,81.09
1.5352,82.656
1.5361,82.668
1.5371,81.946
1.5381,83.249
1.5391,82.326
1.54,83.232
1.541,81.896
1.542,83.529
1.543,83.228
1.5439,83.065
1.5449,83.313
1.5459,82.543
1.5469,84.648
1.5479,84.385
1.5488,84.524
1.5498,84.15
1.5508,83.676
1.5518,84.746
1.5527,84.97
1.5537,84.8
1.5547,85.308
1.5557,85.513
1.5566,85.499
1.5576,85.25
1.5586,87.385
1.5596,85.104
1.5605,86.821
1.5615,86.505
1.5625,86.023
1.5635,86.202
1.5645,86.228
1.5654,87.319
1.5664,86.189
1.5674,87.543
1.5684,86.343
1.5693,87.264
1.5703,85.944
1.5713,87.077
1.5723,87.534
1.5732,88.251
1.5742,86.936
1.5752,89.041
1.5762,88.294
1.5771,88.374
1.5781,88.968
1.5791,88.58
1.5801,89.312
1.5811,89.539
1.582,89.257
1.583,88.474
1.584,89.736
1.585,89.683
1.5859,89.123
1.5869,88.753
1.5879,90.18
1.5889,89.392
1.5898,90.463
1.5908,89.903
1.5918,90.247
1.5928,89.977
1.5938,90.607
1.5947,91.258
1.5957,91.142
1.5967,91.266
1.5977,91.58
1.5986,92.035
1.5996,92.24
1.6006,92.168
1.6016,91.511
1.6025,91.314
1.6035,91.867
1.6045,92.089
1.6055,93.048
1.6064,91.844
1.6074,90.436
1.6084,93.176
1.6094,92.93
1.6104,92.927
1.6113,92.389
1.6123,92.733
1.6133,94.078
1.6143,93.865
1.6152,93.642
1.6162,94.057
1.6172,92.94
1.6182,94.607
1.6191,93.751
1.6201,94.044
1.6211,94.402
1.6221,94.655
1.623,93.874
1.624,94.782
1.625,94.589
1.626,94.937
1.627,95.823
1.6279,94.807
1.6289,94.9
1.6299,95.239
1.6309,95.942
1.6318,95.422
1.6328,96.362
1.6338,96.37
1.6348,94.541
1.6357,97.019
1.6367,96.213
1.6377,96.535
1.6387,95.902
1.6396,94.975
1.6406,97.063
1.6416,96.087
1.6426,96.685
1.6436,96.613
1.6445,97.006
1.6455,97.264
1.6465,96.327
1.6475,96.619
1.6484,97.36
1.6494,96.975
1.6504,97.589
1.6514,97.236
1.6523,97.312
1.6533,96.453
1.6543,96.644
1.6553,96.756
1.6562,98.059
1.6572,97.283
1.6582,97.727
1.6592,97.901
1.6602,98.672
1.6611,98.142
1.6621,99.379
1.6631,96.849
1.6641,98.906
1.665,97.125
1.666,98.624
1.667,99.507
1.668,98.378
1.6689,100.12
1.6699,99.462
1.6709,98.338
1.6719,99.6
1.6729,99.525
1.6738,99.171
1.6748,99.232
1.6758,99.398
1.6768,99.534
1.6777,99.754
1.6787,100.13
1.6797,99.969
1.6807,100.2
1.6816,100.12
1.6826,100.57
1.6836,100.27
1.6846,100.76
1.6855,99.375
1.6865,100.81
1.6875,100.48
1.6885,100.41
1.6895,100.88
1.6904,100.5
1.6914,100.2
1.6924,101.11
1.6934,100.64
1.6943,100.97
1.6953,101.04
1.6963,100.99
1.6973,101.52
1.6982,101.61
1.6992,100.75
1.7002,101.1
1.7012,100.61
1.7021,101.84
1.7031,101.58
1.7041,102.38
1.7051,101.49
1.7061,101.87
1.707,102.49
1.708,101.58
1.709,102.61
1.71,101.86
1.7109,103.32
1.7119,101.56
1.7129,102.24
1.7139,101.26
1.7148,103.32
1.7158,103.16
1.7168,102.65
1.7178,102.79
1.7188,102.49
1.7197,101.44
1.7207,104.03
1.7217,102.81
1.7227,102.56
1.7236,103.43
1.7246,101.75
1.7256,103
1.7266,103.67
1.7275,103.07
1.7285,103.43
1.7295,103.75
1.7305,103.33
1.7314,102.76
1.7324,103.28
1.7334,104.24
1.7344,103.51
1.7354,104.21
1.7363,104.38
1.7373,104.04
1.7383,103.35
1.7393,103.26
1.7402,104.08
1.7412,103.15
1.7422,103.68
1.7432,104.47
1.7441,104
1.7451,104.86
1.7461,105.04
1.7471,104.78
1.748,105.03
1.749,103.74
1.75,103.55
1.751,105.94
1.752,104.81
1.7529,104.19
1.7539,105.29
1.7549,105.29
1.7559,104.96
1.7568,105.94
1.7578,105.63
1.7588,103.84
1.7598,104.49
1.7607,104.93
1.7617,106.07
1.7627,105.22
1.7637,106.14
1.7646,105.56
1.7656,104.08
1.7666,106.21
1.7676,106.05
1.7686,104.68
1.7695,106.68
1.7705,105.61
1.7715,105.85
1.7725,106.26
1.7734,106.76
1.7744,105.84
1.7754,105.27
1.7764,106.41
1.7773,105.06
1.7783,106.31
1.7793,106.41
1.7803,107.61
1.7812,105.52
1.7822,106.1
1.7832,106.07
1.7842,106.62
1.7852,106.78
1.7861,106.92
1.7871,106.13
1.7881,106.77
1.7891,106.6
1.79,107.05
1.791,106.18
1.792,106.4
1.793,106.64
1.7939,106.07
1.7949,106.79
1.7959,107.89
1.7969,106.14
1.7979,107.61
1.7988,107.95
1.7998,106.97
1.8008,106.76
1.8018,107.34
1.8027,107.38
1.8037,107.01
1.8047,107.97
1.8057,107
1.8066,107.8
1.8076,107.5
1.8086,107.93
1.8096,107.49
1.8105,107.66
1.8115,106.48
1.8125,107.58
1.8135,108.31
1.8145,107.01
1.8154,107.9
1.8164,107.88
1.8174,107.53
1.8184,107.67
1.8193,108.71
1.8203,107.31
1.8213,107.82
1.8223,107.27
1.8232,108.29
1.8242,107.61
1.8252,107.72
1.8262,108.82
1.8271,107.6
1.8281,109.67
1.8291,108.12
1.8301,108.83
1.8311,107.06
1.832,108.99
1.833,108.64
1.834,107.2
1.835,108.84
1.8359,108.54
1.8369,108.21
1.8379,109.02
1.8389,108.53
1.8398,109.9
1.8408,108.38
1.8418,109.09
1.8428,107.99
1.8438,109.09
1.8447,108.85
1.8457,108.4
1.8467,108.13
1.8477,109.07
1.8486,109.46
1.8496,109.58
1.8506,107.14
1.8516,108.79
1.8525,108.83
1.8535,109.96
1.8545,108.06
1.8555,110.24
1.8564,109.07
1.8574,108.37
1.8584,108.52
1.8594,108.18
1.8604,108.5
1.8613,108.92
1.8623,109.25
1.8633,108.02
1.8643,108.69
1.8652,108.59
1.8662,108.43
1.8672,109.86
1.8682,109.14
1.8691,109.42
1.8701,109.17
1.8711,109.37
1.8721,109.96
1.873,110.77
1.874,109.06
1.875,108.78
1.876,108.91
1.877,109.77
1.8779,108.98
1.8789,109.46
1.8799,110.19
1.8809,109.43
1.8818,110.38
1.8828,110.06
1.8838,109.75
1.8848,110.53
1.8857,110.43
1.8867,109.23
1.8877,109.89
1.8887,109.84
1.8896,109.42
1.8906,108.43
1.8916,109.52
1.8926,110.08
1.8936,110.9
1.8945,110.32
1.8955,111.07
1.8965,111.12
1.8975,109.28
1.8984,109.93
1.8994,110.7
1.9004,109.94
1.9014,110.39
1.9023,111.36
1.9033,109.99
1.9043,110.41
1.9053,111.09
1.9062,110.2
1.9072,110.43
1.9082,110.7
1.9092,110.82
1.9102,110.62
1.9111,110.86
1.9121,110
1.9131,110.86
1.9141,111.31
1.915,110.59
1.916,110.9
1.917,111.16
1.918,111.04
1.9189,111.32
1.9199,110.97
1.9209,110.35
1.9219,110.29
1.9229,110.68
1.9238,110.87
1.9248,110.93
1.9258,111.46
1.9268,109.99
1.9277,111.05
1.9287,112.09
1.9297,111.37
1.9307,110.63
1.9316,111.12
1.9326,110.68
1.9336,111.73
1.9346,111.43
1.9355,111.33
1.9365,111.52
1.9375,111.02
1.9385,111.03
1.9395,110.8
1.9404,111.65
1.9414,110.78
1.9424,111.96
1.9434,110.06
1.9443,111.23
1.9453,111.26
1.9463,111
1.9473,110.97
1.9482,111.23
1.9492,112.12
1.9502,111.86
1.9512,111.16
1.9521,110.82
1.9531,111.95
1.9541,112.37
1.9551,111.55
1.9561,112.59
1.957,111.4
1.958,111.06
1.959,110.82
1.96,111.39
1.9609,112.13
1.9619,110.82
1.9629,111.81
1.9639,111.85
1.9648,112.34
1.9658,111.18
1.9668,112.11
1.9678,111.94
1.9688,112.01
1.9697,111.48
1.9707,111.88
1.9717,111.23
1.9727,112.22
1.9736,111.45
1.9746,111.56
1.9756,113.03
1.9766,111.92
1.9775,112.87
1.9785,112.84
1.9795,111.58
1.9805,111.84
1.9814,113.28
1.9824,112.01
1.9834,111.82
1.9844,111.36
1.9854,113.01
1.9863,112.08
1.9873,112.09
1.9883,112.69
1.9893,111.65
1.9902,110.57
1.9912,111.76
1.9922,112.05
1.9932,111.84
1.9941,111.61
1.9951,112.22
1.9961,110.96
1.9971,112.04
1.998,112.8
1.999,111.94
2,112.58
2.001,112.28
2.002,111.78
2.0029,112.45
2.0039,112.38
2.0049,112.02
2.0059,111.05
2.0068,111.73
2.0078,113.51
2.0088,113.08
2.0098,112.59
2.0107,112.57
2.0117,112.7
2.0127,112.13
2.0137,112.79
2.0146,112.19
2.0156,112.03
2.0166,112.11
2.0176,113.35
2.0186,112.71
2.0195,113.74
2.0205,113.73
2.0215,111.81
2.0225,112.72
2.0234,111.68
2.0244,111.3
2.0254,112.24
2.0264,112.38
2.0273,113.24
2.0283,112.14
2.0293,112.49
2.0303,112.36
2.0312,112.29
2.0322,112.7
2.0332,113.09
2.0342,112.57
2.0352,113.22
2.0361,111.96
2.0371,112.01
2.0381,113.25
2.0391,113.18
2.04,112.97
2.041,111.83
2.042,113.24
2.043,111.95
2.0439,112.25
2.0449,113.7
2.0459,112.39
2.0469,113.16
2.0479,112.9
2.0488,113.01
2.0498,113.64
2.0508,112.23
2.0518,112.99
2.0527,112.87
2.0537,112.52
2.0547,113.44
2.0557,113.08
2.0566,112.72
2.0576,113.51
2.0586,112.6
2.0596,112.08
2.0605,113.18
2.0615,112.85
2.0625,112.72
2.0635,113.21
2.0645,112.97
2.0654,113.89
2.0664,112.8
2.0674,113.7
2.0684,112.65
2.0693,113.97
2.0703,112.25
2.0713,111.8
2.0723,113.23
2.0732,113
2.0742,113.34
2.0752,113.46
2.0762,113.51
2.0771,113.78
2.0781,112.86
2.0791,113.19
2.0801,113.34
2.0811,112.66
2.082,113.4
2.083,112.66
2.084,112.65
2.085,113.16
2.0859,113.03
2.0869,112.98
2.0879,113.53
2.0889,112.98
2.0898,113.08
2.0908,112.78
2.0918,113.08
2.0928,113.39
2.0938,112.98
2.0947,113.36
2.0957,112.58
2.0967,112.67
2.0977,113.55
2.0986,113.33
2.0996,113.05
2.1006,112.97
2.1016,113.26
2.1025,112.67
2.1035,113.3
2.1045,112.42
2.1055,112.52
2.1064,113.46
2.1074,114.59
2.1084,113.63
2.1094,113.36
2.1104,113.49
2.1113,112.56
2.1123,112.87
2.1133,113.35
2.1143,113.12
2.1152,114.09
2.1162,114.34
2.1172,113.85
2.1182,113.7
2.1191,114.85
2.1201,114.28
2.1211,113.14
2.1221,112.76
2.123,112.87
2.124,113.85
2.125,113.93
2.126,114.31
2.127,114.18
2.1279,114
2.1289,113.56
2.1299,113.42
2.1309,112.99
2.1318,113.57
2.1328,112.87
2.1338,113.21
2.1348,113.69
2.1357,113.92
2.1367,112.83
2.1377,113.4
2.1387,113.88
2.1396,113.83
2.1406,113.34
2.1416,113.69
2.1426,113.28
2.1436,113.63
2.1445,113.59
2.1455,113.28
2.1465,113.16
2.1475,113.44
2.1484,113.62
2.1494,112.9
2.1504,114.08
2.1514,113.87
2.1523,112.94
2.1533,112.68
2.1543,113.26
2.1553,113.82
2.1562,113.18
2.1572,113.23
2.1582,113.92
2.1592,113.99
2.1602,114.57
2.1611,115.44
2.1621,114.53
2.1631,114.62
2.1641,113.41
2.165,113.78
2.166,114.22
2.167,113
2.168,113.61
2.1689,113.83
2.1699,113.76
2.1709,113.3
2.1719,113.77
2.1729,113.69
2.1738,114.41
2.1748,113.6
2.1758,113.71
2.1768,114.08
2.1777,114.01
2.1787,113.84
2.1797,113.05
2.1807,113.74
2.1816,113.64
2.1826,113.7
2.1836,114.08
2.1846,113.69
2.1855,113.63
2.1865,113.4
2.1875,112.99
2.1885,113.13
2.1895,114.23
2.1904,114.45
2.1914,113.52
2.1924,113.15
2.1934,113.77
2.1943,114.23
2.1953,114.66
2.1963,114.79
2.1973,113.64
2.1982,114.01
2.1992,113.73
2.2002,114.66
2.2012,114.43
2.2021,114.92
2.2031,113.79
2.2041,113.97
2.2051,113.94
2.2061,114
2.207,112.59
2.208,113.8
2.209,114.9
2.21,114.18
2.2109,114.01
2.2119,115.43
2.2129,113.92
2.2139,114.69
2.2148,113.51
2.2158,114.44
2.2168,113.84
2.2178,113.46
2.2188,114.14
2.2197,114.4
2.2207,113.49
2.2217,114.29
2.2227,114.1
2.2236,113.74
2.2246,113.7
2.2256,113.83
2.2266,113.13
2.2275,112.78
2.2285,114.43
2.2295,113.65
2.2305,114.58
2.2314,113.67
2.2324,114.54
2.2334,114.05
2.2344,114.03
2.2354,113.76
2.2363,114.38
2.2373,114.13
2.2383,115.33
2.2393,114.55
2.2402,114.09
2.2412,114.77
2.2422,113.91
2.2432,114.47
2.2441,114.5
2.2451,115.23
2.2461,114.62
2.2471,113.59
2.248,112.76
2.249,114.47
2.25,114.56
2.251,114.11
2.252,115.27
2.2529,114.4
2.2539,113.43
2.2549,114.93
2.2559,113.83
2.2568,114.5
2.2578,113.85
2.2588,113.63
2.2598,114.3
2.2607,113.4
2.2617,114.06
2.2627,114.51
2.2637,114.77
2.2646,113.24
2.2656,114.21
2.2666,115.28
2.2676,113.82
2.2686,113.9
2.2695,114.18
2.2705,114.28
2.2715,114.57
2.2725,115.04
2.2734,113.92
2.2744,114.18
2.2754,114.68
2.2764,113.34
2.2773,114.47
2.2783,114.74
2.2793,114.36
2.2803,114.57
2.2812,114.11
2.2822,114.47
2.2832,113.87
2.2842,113.88
2.2852,113.9
2.2861,113.62
2.2871,113.88
2.2881,114.36
2.2891,114.51
2.29,113.76
2.291,114.18
2.292,114.84
2.293,113.96
2.2939,114.05
2.2949,114.79
2.2959,114.51
2.2969,114.85
2.2979,113.68
2.2988,114.08
2.2998,114.79
2.3008,114.39
2.3018,114.6
2.3027,114.71
2.3037,113.47
2.3047,115.34
2.3057,114.23
2.3066,114.1
2.3076,114.54
2.3086,114.94
2.3096,114.81
2.3105,114.84
2.3115,114.5
2.3125,114.08
2.3135,113.07
2.3145,113.06
2.3154,114.76
2.3164,115.18
2.3174,114.07
2.3184,114.49
2.3193,114.28
2.3203,114.79
2.3213,115.36
2.3223,113.72
2.3232,113.91
2.3242,113.92
2.3252,114.84
2.3262,113.35
2.3271,115.17
2.3281,114.5
2.3291,115.24
2.3301,114.97
2.3311,115.25
2.332,115.29
2.333,114.13
2.334,113.78
2.335,113.67
2.3359,114.93
2.3369,114.77
2.3379,113.6
2.3389,113.55
2.3398,114.4
2.3408,114.42
2.3418,114.93
2.3428,114
2.3438,115.12
2.3447,114.15
2.3457,114.03
2.3467,114.04
2.3477,114.76
2.3486,114.56
2.3496,114.76
2.3506,115.36
2.3516,114.1
2.3525,113.44
2.3535,114.84
2.3545,113.75
2.3555,114.27
2.3564,115.78
2.3574,115.27
2.3584,115.51
2.3594,113.72
2.3604,114.07
2.3613,114.73
2.3623,114.29
2.3633,114.25
2.3643,114.39
2.3652,114.82
2.3662,114.67
2.3672,114.19
2.3682,115.22
2.3691,113.46
2.3701,113.95
2.3711,113.1
2.3721,115.39
2.373,114.57
2.374,114.78
2.375,114.94
2.376,114.49
2.377,114.44
2.3779,114.85
2.3789,113.77
2.3799,115.23
2.3809,114.4
2.3818,114.06
2.3828,114.34
2.3838,114.09
2.3848,114.75
2.3857,114.81
2.3867,115.08
2.3877,114.84
2.3887,114.74
2.3896,115.05
2.3906,113.77
2.3916,114.89
2.3926,114.45
2.3936,114.66
2.3945,113.76
2.3955,114.34
2.3965,115.18
2.3975,114.63
2.3984,114.18
2.3994,114.82
2.4004,114.69
2.4014,114.2
2.4023,114.58
2.4033,114.54
2.4043,115.16
2.4053,114.44
2.4062,114.7
2.4072,114.6
2.4082,114.73
2.4092,113.9
2.4102,114.53
2.4111,115.14
2.4121,113.94
2.4131,114.67
2.4141,114.49
2.415,114.84
2.416,113.97
2.417,114.24
2.418,115.02
2.4189,115.43
2.4199,114.23
2.4209,114.54
2.4219,113.78
2.4229,114.31
2.4238,115.42
2.4248,113.93
2.4258,115.09
2.4268,114.3
2.4277,115.36
2.4287,114.3
2.4297,113.39
2.4307,113.64
2.4316,113.69
2.4326,113.85
2.4336,115.22
2.4346,114.04
2.4355,114.82
2.4365,114.24
2.4375,113.97
2.4385,114.18
2.4395,115.4
2.4404,114.69
2.4414,114.35
2.4424,114.41
2.4434,113.94
2.4443,115.78
2.4453,116.13
2.4463,114.68
2.4473,114.49
2.4482,114.22
2.4492,115.22
2.4502,114.89
2.4512,115.26
2.4521,114.35
2.4531,114.64
2.4541,114.79
2.4551,115.3
2.4561,114.75
2.457,114.26
2.458,115.25
2.459,114.61
2.46,115.55
2.4609,115.76
2.4619,115.35
2.4629,115.61
2.4639,113.72
2.4648,114.3
2.4658,114.28
2.4668,114.36
2.4678,114.74
2.4688,114.74
2.4697,114.13
2.4707,115.53
2.4717,115.54
2.4727,114.66
2.4736,115.41
2.4746,114.25
2.4756,114.32
2.4766,114.11
2.4775,114.21
2.4785,114.36
2.4795,114.5
2.4805,115.53
2.4814,114.97
2.4824,115.28
2.4834,114.98
2.4844,114.75
2.4854,113.79
2.4863,114.6
2.4873,114.98
2.4883,114.49
2.4893,114.7
2.4902,115.36
2.4912,114.57
2.4922,114.67
2.4932,114.84
2.4941,114.21
2.4951,114.52
2.4961,115.17
2.4971,114.96
2.498,115.25
2.499,115.7
2.5,114.7
2.501,114.82
2.502,114
2.5029,115.07
2.5039,115.67
2.5049,114.29
2.5059,115.24
2.5068,114.5
2.5078,114.44
2.5088,114.69
2.5098,115.12
2.5107,114.31
2.5117,114.45
2.5127,114.99
2.5137,115.01
2.5146,114.87
2.5156,114.57
2.5166,114.52
2.5176,115.32
2.5186,114.8
2.5195,113.78
2.5205,114.92
2.5215,114
2.5225,115.18
2.5234,114.76
2.5244,114.54
2.5254,114.06
2.5264,115.83
2.5273,115.19
2.5283,113.95
2.5293,114.26
2.5303,114.65
2.5312,114.09
2.5322,114.2
2.5332,115.07
2.5342,114.97
2.5352,114.34
2.5361,116
2.5371,115.16
2.5381,114.86
2.5391,114.04
2.54,114.3
2.541,114.91
2.542,114.39
2.543,114.09
2.5439,114.47
2.5449,114.9
2.5459,115.18
2.5469,115.3
2.5479,115.12
2.5488,116.16
2.5498,114.63
2.5508,114.69
2.5518,114.36
2.5527,114.88
2.5537,114.11
2.5547,114.78
2.5557,114.54
2.5566,114.87
2.5576,115.23
2.5586,115.02
2.5596,115.03
2.5605,114.33
2.5615,114.46
2.5625,114.99
2.5635,114.39
2.5645,116.14
2.5654,114.39
2.5664,114.7
2.5674,115.07
2.5684,115.39
2.5693,113.66
2.5703,115.12
2.5713,114.94
2.5723,115.47
2.5732,114.92
2.5742,114.86
2.5752,114.16
2.5762,115.24
2.5771,115.07
2.5781,115.42
2.5791,114.45
2.5801,114.64
2.5811,113.97
2.582,115.18
2.583,114.43
2.584,115.3
2.585,114.74
2.5859,114.83
2.5869,115.38
2.5879,113.55
2.5889,114.58
2.5898,113.95
2.5908,114.16
2.5918,114.83
2.5928,114.35
2.5938,114.91
2.5947,114.54
2.5957,115.4
2.5967,114.52
2.5977,115.37
2.5986,113.55
2.5996,113.82
2.6006,114.71
2.6016,114.64
2.6025,114.74
2.6035,114.45
2.6045,115.59
2.6055,114.74
2.6064,114.76
2.6074,115.08
2.6084,115.48
2.6094,114.89
2.6104,114.42
2.6113,114.61
2.6123,115.24
2.6133,114.22
2.6143,114.08
2.6152,114.41
2.6162,115.81
2.6172,113.9
2.6182,115.03
2.6191,114.43
2.6201,113.97
2.6211,115.02
2.6221,114.26
2.623,114.35
2.624,114.33
2.625,114.15
2.626,115.02
2.627,115.92
2.6279,114.38
2.6289,115.78
2.6299,115.19
2.6309,113.61
2.6318,115.49
2.6328,115.15
2.6338,115.58
2.6348,115.12
2.6357,115.38
2.6367,115.03
2.6377,116.69
2.6387,115.3
2.6396,114.71
2.6406,114.39
2.6416,115.37
2.6426,114.37
2.6436,114.16
2.6445,115.66
2.6455,115.68
2.6465,115.7
2.6475,115.65
2.6484,114.65
2.6494,114.18
2.6504,114.29
2.6514,114.87
2.6523,115.49
2.6533,115.71
2.6543,114.76
2.6553,114.65
2.6562,113.76
2.6572,115.17
2.6582,114.58
2.6592,115.66
2.6602,113.63
2.6611,115.67
2.6621,114.26
2.6631,115.22
2.6641,115.19
2.665,115.85
2.666,115.29
2.667,114.19
2.668,114.14
2.6689,115.84
2.6699,114.3
2.6709,114.75
2.6719,115.43
2.6729,114.36
2.6738,114.41
2.6748,114.45
2.6758,115.31
2.6768,114.19
2.6777,114.99
2.6787,114.03
2.6797,115.11
2.6807,115.22
2.6816,114.4
2.6826,114.85
2.6836,114.8
2.6846,114.87
2.6855,114.58
2.6865,113.92
2.6875,114.81
2.6885,114.43
2.6895,115.58
2.6904,114.41
2.6914,114.09
2.6924,115.48
2.6934,114.73
2.6943,115.85
2.6953,114.92
2.6963,114.28
2.6973,116.03
2.6982,115.88
2.6992,114.88
2.7002,114.33
2.7012,115.74
2.7021,115.76
2.7031,114.21
2.7041,114.89
2.7051,115.64
2.7061,115.06
2.707,114.13
2.708,115.73
2.709,113.81
2.71,114.99
2.7109,115.24
2.7119,114.68
2.7129,114.92
2.7139,115.18
2.7148,114.52
2.7158,115.51
2.7168,115.6
2.7178,115.04
2.7188,115.05
2.7197,114.37
2.7207,116.27
2.7217,114.76
2.7227,115.01
2.7236,113.78
2.7246,114.65
2.7256,114.48
2.7266,114.43
2.7275,115.21
2.7285,114.96
2.7295,115.25
2.7305,114.71
2.7314,115.38
2.7324,115.05
2.7334,114.98
2.7344,114.63
2.7354,114.61
2.7363,116.04
2.7373,114.17
2.7383,114.56
2.7393,114.8
2.7402,114.56
2.7412,114.94
2.7422,114.97
2.7432,114.63
2.7441,114.75
2.7451,115
2.7461,114.39
2.7471,114.76
2.748,114.5
2.749,115.64
2.75,114.69
2.751,114.19
2.752,114.33
2.7529,114.84
2.7539,115.07
2.7549,114.84
2.7559,114.61
2.7568,115.22
2.7578,114.91
2.7588,113.61
2.7598,114.23
2.7607,113.99
2.7617,114.87
2.7627,114.78
2.7637,113.42
2.7646,114.48
2.7656,114.38
2.7666,115.76
2.7676,114.58
2.7686,114.31
2.7695,115.31
2.7705,114.32
2.7715,114.38
2.7725,114.4
2.7734,114.69
2.7744,115.37
2.7754,114.32
2.7764,115.98
2.7773,114.38
2.7783,114.91
2.7793,115.13
2.7803,114.2
2.7812,114.85
2.7822,114.98
2.7832,114.7
2.7842,115.65
2.7852,115.17
2.7861,114.39
2.7871,114.43
2.7881,114.51
2.7891,114.77
2.79,114.91
2.791,114.31
2.792,114.43
2.793,114.65
2.7939,113.74
2.7949,113.27
2.7959,114.31
2.7969,115.08
2.7979,114.88
2.7988,115.16
2.7998,114.43
2.8008,113.95
2.8018,114.66
2.8027,114.32
2.8037,114.73
2.8047,114.76
2.8057,114.93
2.8066,114.49
2.8076,114.74
2.8086,114.26
2.8096,114.88
2.8105,114.32
2.8115,114.66
2.8125,115.65
2.8135,114.38
2.8145,114.73
2.8154,114.56
2.8164,114.64
2.8174,115.34
2.8184,115.87
2.8193,114.52
2.8203,114.9
2.8213,115.75
2.8223,114.73
2.8232,115.08
2.8242,114.95
2.8252,115.05
2.8262,115.12
2.8271,113.93
2.8281,115.1
2.8291,114.66
2.8301,114.2
2.8311,114.55
2.832,113.82
2.833,115.86
2.834,115.49
2.835,115.52
2.8359,114.58
2.8369,115.4
2.8379,114.7
2.8389,114
2.8398,114.82
2.8408,114.54
2.8418,114.65
2.8428,113.73
2.8438,114.3
2.8447,114.88
2.8457,114.47
2.8467,115.17
2.8477,113.44
2.8486,115.43
2.8496,114.86
2.8506,114.38
2.8516,115.29
2.8525,114.77
2.8535,113.88
2.8545,115.58
2.8555,114.64
2.8564,114.48
2.8574,115.22
2.8584,115.05
2.8594,115.09
2.8604,115.07
2.8613,115.21
2.8623,114.64
2.8633,116.15
2.8643,116.26
2.8652,113.89
2.8662,114.94
2.8672,114.63
2.8682,114.75
2.8691,114.17
2.8701,114.39
2.8711,114.61
2.8721,114.41
2.873,114.79
2.874,115.26
2.875,115.88
2.876,115.51
2.877,114.42
2.8779,114.67
2.8789,114.45
2.8799,115.89
2.8809,115.27
2.8818,114.93
2.8828,115.34
2.8838,116.07
2.8848,114.29
2.8857,115.69
2.8867,114.4
2.8877,114.71
2.8887,114.12
2.8896,114.9
2.8906,113.98
2.8916,114.62
2.8926,114.13
2.8936,116.02
2.8945,115.3
2.8955,114.72
2.8965,114.79
2.8975,115.46
2.8984,115.13
2.8994,114.77
2.9004,114.36
2.9014,115.12
2.9023,113.76
2.9033,114.47
2.9043,115.18
2.9053,114.19
2.9062,115.34
2.9072,114.16
2.9082,115.3
2.9092,113.65
2.9102,114.7
2.9111,115.24
2.9121,115.68
2.9131,115.27
2.9141,114.37
2.915,113.64
2.916,114.65
2.917,114.65
2.918,115.54
2.9189,114.02
2.9199,116.07
2.9209,114.49
2.9219,115.17
2.9229,114.6
2.9238,114.39
2.9248,114.85
2.9258,115.31
2.9268,114.42
2.9277,114.64
2.9287,115.65
2.9297,114.52
2.9307,115
2.9316,114.48
2.9326,114.19
2.9336,115.69
2.9346,115.09
2.9355,116.59
2.9365,114.98
2.9375,114.22
2.9385,114.7
2.9395,114.83
2.9404,115.44
2.9414,114.01
2.9424,115.23
2.9434,115.66
2.9443,115.79
2.9453,115.04
2.9463,113.98
2.9473,114.07
2.9482,114.47
2.9492,115.29
2.9502,114.95
2.9512,114.86
2.9521,116
2.9531,115.52
2.9541,115.47
2.9551,113.97
2.9561,114.25
2.957,115.36
2.958,115.43
2.959,114.69
2.96,115.33
2.9609,115.34
2.9619,115.53
2.9629,115.09
2.9639,115.32
2.9648,113.89
2.9658,115.11
2.9668,114.8
2.9678,116.01
2.9688,114.7
2.9697,114.54
2.9707,114.87
2.9717,114.46
2.9727,113.05
2.9736,115.25
2.9746,114.25
2.9756,115.28
2.9766,115.94
2.9775,115.65
2.9785,114.74
2.9795,114.81
2.9805,115.57
2.9814,114.69
2.9824,114.21
2.9834,114.92
2.9844,115.82
2.9854,114.19
2.9863,114.91
2.9873,115.37
2.9883,115.31
2.9893,114.76
2.9902,115.55
2.9912,114.39
2.9922,114.53
2.9932,115.29
2.9941,114.96
2.9951,115.33
2.9961,114.46
2.9971,114.5
2.998,115.04
2.999,114.24
3,114.75
3.001,114.66
3.002,115.4
3.0029,113.53
3.0039,114.36
3.0049,115.77
3.0059,115.03
3.0068,115.6
3.0078,114.33
3.0088,115.26
3.0098,114.43
3.0107,114.95
3.0117,115.31
3.0127,115.88
3.0137,114.07
3.0146,114.66
3.0156,113.62
3.0166,114.91
3.0176,114.81
3.0186,115.1
3.0195,114.27
3.0205,114.7
3.0215,115.77
3.0225,114.96
3.0234,115.15
3.0244,115.79
3.0254,114.75
3.0264,116.25
3.0273,114.53
3.0283,114.9
3.0293,114.89
3.0303,113.97
3.0312,114.42
3.0322,115.05
3.0332,115.36
3.0342,115.04
3.0352,115.34
3.0361,114.83
3.0371,114.63
3.0381,114.85
3.0391,115.59
3.04,114.3
3.041,115.61
3.042,115.38
3.043,115.28
3.0439,114.35
3.0449,114.37
3.0459,114.28
3.0469,114.51
3.0479,115.46
3.0488,114.9
3.0498,114.74
3.0508,115.75
3.0518,115.85
3.0527,115.12
3.0537,114.08
3.0547,115.2
3.0557,114.93
3.0566,115.06
3.0576,114.81
3.0586,115.31
3.0596,114.23
3.0605,115.38
3.0615,115.47
3.0625,114.45
3.0635,115.81
3.0645,114.57
3.0654,115.44
3.0664,115.8
3.0674,115.06
3.0684,113.92
3.0693,114.75
3.0703,115.37
3.0713,114.93
3.0723,114.84
3.0732,114.01
3.0742,114.5
3.0752,114.14
3.0762,115.51
3.0771,114.35
3.0781,115.32
3.0791,115.97
3.0801,116.62
3.0811,114.64
3.082,114.91
3.083,115.19
3.084,114.63
3.085,115.62
3.0859,115.78
3.0869,115.07
3.0879,115.09
3.0889,114.39
3.0898,114.83
3.0908,114.48
3.0918,115.14
3.0928,115.64
3.0938,114.82
3.0947,114.44
3.0957,114.9
3.0967,114.53
3.0977,115.46
3.0986,114.95
3.0996,114.23
3.1006,115.01
3.1016,114.19
3.1025,115.3
3.1035,113.88
3.1045,113.94
3.1055,114.33
3.1064,115.54
3.1074,115.12
3.1084,116.22
3.1094,114.84
3.1104,115
3.1113,114.28
3.1123,115.3
3.1133,115.17
3.1143,114.41
3.1152,115.1
3.1162,115.25
3.1172,114.58
3.1182,115.32
3.1191,115.22
3.1201,115.2
3.1211,114.58
3.1221,114.21
3.123,115.55
3.124,114.05
3.125,114.58
3.126,114.48
3.127,115
3.1279,115.3
3.1289,114.77
3.1299,113.92
3.1309,114.78
3.1318,115.27
3.1328,114.48
3.1338,114.08
3.1348,115.17
3.1357,115.07
3.1367,113.77
3.1377,115.04
3.1387,114.58
3.1396,114.6
3.1406,114.31
3.1416,114.8
3.1426,114.97
3.1436,114.8
3.1445,114.06
3.1455,115.97
3.1465,113.84
3.1475,113.95
3.1484,114.93
3.1494,115.81
3.1504,115.22
3.1514,115.24
3.1523,114.5
3.1533,115.97
3.1543,114.4
3.1553,114.76
3.1562,115.76
3.1572,114.74
3.1582,114.81
3.1592,115.18
3.1602,115.21
3.1611,113.84
3.1621,114.41
3.1631,115.2
3.1641,115.29
3.165,115.08
3.166,114.68
3.167,114.16
3.168,116.18
3.1689,115.27
3.1699,115.05
3.1709,115.09
3.1719,114.62
3.1729,115.46
3.1738,114.84
3.1748,114.71
3.1758,116.14
3.1768,115.75
3.1777,115.13
3.1787,115.32
3.1797,114.39
3.1807,114.38
3.1816,115.74
3.1826,115.28
3.1836,115.66
3.1846,115.22
3.1855,114.85
3.1865,114.81
3.1875,116.22
3.1885,115.14
3.1895,115.73
3.1904,114.05
3.1914,115.01
3.1924,115.27
3.1934,115.73
3.1943,115.04
3.1953,113.96
3.1963,113.69
3.1973,114.34
3.1982,114.48
3.1992,114.82
3.2002,114.57
3.2012,114.14
3.2021,114.34
3.2031,115.81
3.2041,114.23
3.2051,114.07
3.2061,114.46
3.207,114.65
3.208,114.65
3.209,114.94
3.21,114.46
3.2109,115.33
3.2119,115.39
3.2129,115.23
3.2139,114.5
3.2148,114.54
3.2158,114.89
3.2168,114.9
3.2178,114.94
3.2188,115.52
3.2197,114.52
3.2207,116.18
3.2217,114.62
3.2227,115.34
3.2236,114.95
3.2246,114.4
3.2256,114.71
3.2266,114.58
3.2275,114.21
3.2285,115.21
3.2295,114.34
3.2305,115.32
3.2314,115.21
3.2324,114.31
3.2334,115.54
3.2344,114.85
3.2354,115
3.2363,115.43
3.2373,114.52
3.2383,115.36
3.2393,115.06
3.2402,114.12
3.2412,114.55
3.2422,114.87
3.2432,115.65
3.2441,114.37
3.2451,114.9
3.2461,114.52
3.2471,115.73
3.248,114.88
3.249,116.11
3.25,113.82
3.251,114.81
3.252,114.66
3.2529,114.95
3.2539,114.37
3.2549,114.85
3.2559,114.07
3.2568,114.26
3.2578,115.29
3.2588,114.1
3.2598,115.06
3.2607,114.35
3.2617,114.84
3.2627,115.35
3.2637,114.53
3.2646,115.06
3.2656,114.17
3.2666,115.38
3.2676,115.19
3.2686,115.27
3.2695,115.03
3.2705,114.3
3.2715,115.19
3.2725,115.75
3.2734,114.63
3.2744,114.89
3.2754,115.73
3.2764,115.5
3.2773,114.75
3.2783,115.69
3.2793,115.33
3.2803,115.15
3.2812,115.45
3.2822,114.56
3.2832,115.34
3.2842,115.03
3.2852,115.46
3.2861,114.8
3.2871,114.65
3.2881,114.26
3.2891,115.34
3.29,115.62
3.291,114.27
3.292,115.03
3.293,115.5
3.2939,115.13
3.2949,115.39
3.2959,114.54
3.2969,114.54
3.2979,114.91
3.2988,114.89
3.2998,114.95
3.3008,114.23
3.3018,115.24
3.3027,114.1
3.3037,115.31
3.3047,115.8
3.3057,115.35
3.3066,113.94
3.3076,114.7
3.3086,114.88
3.3096,114.78
3.3105,115.03
3.3115,113.13
3.3125,114.89
3.3135,114.65
3.3145,115.43
3.3154,114.08
3.3164,116.25
3.3174,114.98
3.3184,113.78
3.3193,115.07
3.3203,114.66
3.3213,114.53
3.3223,114.59
3.3232,115.17
3.3242,115.16
3.3252,114.37
3.3262,113.78
3.3271,115.26
3.3281,115.49
3.3291,114.52
3.3301,113.95
3.3311,115.44
3.332,114.54
3.333,113.8
3.334,113.87
3.335,114.69
3.3359,114.35
3.3369,114.42
3.3379,114.26
3.3389,114.04
3.3398,114.32
3.3408,114.84
3.3418,115.38
3.3428,115.04
3.3438,115.48
3.3447,114.8
3.3457,114.36
3.3467,114.41
3.3477,114.56
3.3486,114.85
3.3496,115.23
3.3506,113.97
3.3516,115.47
3.3525,114.72
3.3535,115.15
3.3545,113.55
3.3555,114.89
3.3564,114.9
3.3574,114.88
3.3584,115.58
3.3594,116.23
3.3604,114.25
3.3613,114.92
3.3623,114.7
3.3633,115
3.3643,115.07
3.3652,115.08
3.3662,114.97
3.3672,115.07
3.3682,115.18
3.3691,115.09
3.3701,115.07
3.3711,114.76
3.3721,114.51
3.373,114.87
3.374,115.48
3.375,114.19
3.376,114.8
3.377,114.96
3.3779,114.32
3.3789,114.18
3.3799,114.73
3.3809,114.64
3.3818,114.54
3.3828,115.53
3.3838,114.14
3.3848,115.03
3.3857,115.29
3.3867,114.67
3.3877,115.02
3.3887,114.85
3.3896,114.43
3.3906,114.78
3.3916,114.26
3.3926,114.78
3.3936,115.14
3.3945,115.33
3.3955,114.13
3.3965,115.03
3.3975,115.43
3.3984,114.93
3.3994,114.74
3.4004,114.59
3.4014,115.45
3.4023,115.69
3.4033,115.82
3.4043,115.36
3.4053,115.4
3.4062,114.98
3.4072,114.88
3.4082,115.11
3.4092,114.83
3.4102,115.31
3.4111,113.84
3.4121,115.12
3.4131,114.66
3.4141,116.01
3.415,114.87
3.416,114.3
3.417,115.07
3.418,113.99
3.4189,115.56
3.4199,115.12
3.4209,114.43
3.4219,114.73
3.4229,114.96
3.4238,114.83
3.4248,114.1
3.4258,115.06
3.4268,115.17
3.4277,114.88
3.4287,115.8
3.4297,115.43
3.4307,114.6
3.4316,114.88
3.4326,114.54
3.4336,114.88
3.4346,114.53
3.4355,115.16
3.4365,115.3
3.4375,114.44
3.4385,114.49
3.4395,115.64
3.4404,115.04
3.4414,114.55
3.4424,115.18
3.4434,114.57
3.4443,115.7
3.4453,114.69
3.4463,115.44
3.4473,114.75
3.4482,115.09
3.4492,115.46
3.4502,115.38
3.4512,114.6
3.4521,114.81
3.4531,114.89
3.4541,115.62
3.4551,114.78
3.4561,115.07
3.457,115.56
3.458,114.44
3.459,115.01
3.46,115.21
3.4609,113.52
3.4619,114.54
3.4629,113.91
3.4639,113.25
3.4648,114.53
3.4658,115.87
3.4668,114.99
3.4678,114.49
3.4688,115.31
3.4697,115.78
3.4707,114.89
3.4717,114.23
3.4727,114.54
3.4736,115.18
3.4746,114.68
3.4756,114.99
3.4766,114.91
3.4775,115.06
3.4785,114.74
3.4795,115.29
3.4805,115.27
3.4814,115.84
3.4824,114.65
3.4834,114.94
3.4844,114.61
3.4854,114.2
3.4863,115.68
3.4873,113.99
3.4883,114.88
3.4893,114.73
3.4902,114.45
3.4912,115.03
3.4922,113.67
3.4932,115.11
3.4941,115.18
3.4951,115.06
3.4961,114.81
3.4971,114.51
3.498,115.09
3.499,114.72
3.5,114.56
3.501,115.93
3.502,114.99
3.5029,114.44
3.5039,114.46
3.5049,115.03
3.5059,114.68
3.5068,115.31
3.5078,115.04
3.5088,115.48
3.5098,115.04
3.5107,115.06
3.5117,114.39
3.5127,115.62
3.5137,115.36
3.5146,115.19
3.5156,114.57
3.5166,115.02
3.5176,115.9
3.5186,114.5
3.5195,114.88
3.5205,114.2
3.5215,113.95
3.5225,115.45
3.5234,114.52
3.5244,115.81
3.5254,114.89
3.5264,115.33
3.5273,115.42
3.5283,114.75
3.5293,115.53
3.5303,115.09
3.5312,114.89
3.5322,115.67
3.5332,114.82
3.5342,114.09
3.5352,115.08
3.5361,114.75
3.5371,115.38
3.5381,115.33
3.5391,114.64
3.54,114.4
3.541,115.28
3.542,114.98
3.543,115.5
3.5439,114.35
3.5449,116.11
3.5459,114.37
3.5469,115.16
3.5479,115.37
3.5488,113.64
3.5498,114.82
3.5508,113.87
3.5518,114.21
3.5527,115.6
3.5537,114.62
3.5547,115.23
3.5557,114.77
3.5566,115.25
3.5576,115.27
3.5586,115.62
3.5596,114.88
3.5605,114.42
3.5615,115.4
3.5625,115.39
3.5635,115.12
3.5645,115.09
3.5654,115.35
3.5664,114.43
3.5674,114.62
3.5684,113.66
3.5693,114.74
3.5703,115.48
3.5713,115.69
3.5723,115.3
3.5732,114.7
3.5742,115.74
3.5752,115.3
3.5762,115.39
3.5771,115.08
3.5781,114.81
3.5791,114.53
3.5801,115.53
3.5811,115.12
3.582,114.95
3.583,115.12
3.584,114.45
3.585,114.69
3.5859,114.64
3.5869,114.68
3.5879,114.5
3.5889,115.25
3.5898,115.08
3.5908,114.88
3.5918,114.7
3.5928,114.91
3.5938,116.22
3.5947,115.78
3.5957,114.03
3.5967,115.41
3.5977,115.24
3.5986,114.05
3.5996,114.53
3.6006,115.8
3.6016,114.95
3.6025,114.86
3.6035,114.49
3.6045,114.16
3.6055,113.9
3.6064,114.87
3.6074,114.64
3.6084,113.57
3.6094,115.89
3.6104,115.1
3.6113,114.62
3.6123,114.31
3.6133,115.59
3.6143,114.91
3.6152,115.26
3.6162,114.94
3.6172,114.77
3.6182,114.81
3.6191,115.45
3.6201,114.3
3.6211,115.17
3.6221,114.25
3.623,114.87
3.624,114.53
3.625,114.17
3.626,115.45
3.627,115.44
3.6279,115.34
3.6289,115.16
3.6299,115.34
3.6309,114.86
3.6318,114.19
3.6328,115.19
3.6338,115.33
3.6348,115.92
3.6357,114.34
3.6367,115.94
3.6377,115.76
3.6387,115.02
3.6396,114.74
3.6406,114.89
3.6416,114.02
3.6426,114.18
3.6436,115.34
3.6445,114.1
3.6455,114.48
3.6465,115.55
3.6475,115.1
3.6484,114.5
3.6494,114.81
3.6504,114.51
3.6514,114.82
3.6523,115.61
3.6533,114.83
3.6543,115.04
3.6553,115.54
3.6562,115.08
3.6572,115.12
3.6582,114.6
3.6592,114.46
3.6602,115.33
3.6611,115.88
3.6621,114.98
3.6631,113.97
3.6641,115.69
3.665,115.71
3.666,114.07
3.667,114.72
3.668,114.76
3.6689,115.11
3.6699,114.74
3.6709,115.19
3.6719,115.63
3.6729,114.64
3.6738,115.59
3.6748,114.12
3.6758,115.1
3.6768,115.6
3.6777,114.24
3.6787,114.8
3.6797,115.68
3.6807,114.68
3.6816,114.66
3.6826,114.69
3.6836,114.33
3.6846,114.68
3.6855,114.2
3.6865,114.53
3.6875,115.14
3.6885,115.25
3.6895,115.55
3.6904,115.12
3.6914,115.12
3.6924,114.73
3.6934,114.14
3.6943,115.21
3.6953,114.58
3.6963,115.25
3.6973,114.5
3.6982,113.82
3.6992,114.96
3.7002,115.14
3.7012,115.37
3.7021,114.67
3.7031,115.2
3.7041,115.23
3.7051,114.01
3.7061,115.22
3.707,115.37
3.708,114.76
3.709,114.32
3.71,114.37
3.7109,115
3.7119,114.67
3.7129,114.61
3.7139,114.61
3.7148,114.79
3.7158,115.33
3.7168,115.06
3.7178,116.02
3.7188,115.56
3.7197,114.45
3.7207,114.44
3.7217,115.06
3.7227,113.23
3.7236,115.33
3.7246,115.86
3.7256,114.89
3.7266,115.08
3.7275,114.62
3.7285,113.91
3.7295,113.97
3.7305,114.52
3.7314,114.42
3.7324,115.39
3.7334,116.36
3.7344,114.89
3.7354,114.76
3.7363,115.64
3.7373,114.28
3.7383,114.99
3.7393,114.77
3.7402,115.77
3.7412,116.02
3.7422,114.67
3.7432,114.82
3.7441,115.34
3.7451,114.31
3.7461,114.31
3.7471,114.88
3.748,114.81
3.749,115.47
3.75,114.97
3.751,113.68
3.752,114.93
3.7529,114.37
3.7539,114.39
3.7549,115.18
3.7559,114.17
3.7568,114.85
3.7578,113.21
3.7588,114.26
3.7598,115.47
3.7607,115.14
3.7617,114.99
3.7627,114.21
3.7637,114.18
3.7646,113.93
3.7656,114.95
3.7666,115.32
3.7676,115.24
3.7686,115.01
3.7695,113.86
3.7705,114.51
3.7715,113.67
3.7725,115
3.7734,114.8
3.7744,114.29
3.7754,114.76
3.7764,115.05
3.7773,113.37
3.7783,114.12
3.7793,114.4
3.7803,113.89
3.7812,114.03
3.7822,114.5
3.7832,114.76
3.7842,115.51
3.7852,114.38
3.7861,114.09
3.7871,115.41
3.7881,114.24
3.7891,115.05
3.79,115
3.791,115.4
3.792,115.58
3.793,114.67
3.7939,114.34
3.7949,114.48
3.7959,115.51
3.7969,115.16
3.7979,114.97
3.7988,114.45
3.7998,115.83
3.8008,114.17
3.8018,115.1
3.8027,114.91
3.8037,115.58
3.8047,115
3.8057,114.94
3.8066,114.34
3.8076,114.96
3.8086,114.97
3.8096,114.04
3.8105,115.18
3.8115,114.05
3.8125,115.15
3.8135,115.75
3.8145,114.63
3.8154,114.87
3.8164,115.12
3.8174,115.04
3.8184,114.8
3.8193,114.24
3.8203,114.78
3.8213,114.9
3.8223,115.35
3.8232,114.46
3.8242,114.92
3.8252,114.16
3.8262,114.22
3.8271,114.72
3.8281,115.36
3.8291,115.74
3.8301,114.37
3.8311,114
3.832,115.64
3.833,114.16
3.834,114.93
3.835,114.13
3.8359,114.71
3.8369,114.61
3.8379,115.63
3.8389,114.62
3.8398,114.48
3.8408,115.28
3.8418,114.39
3.8428,114.57
3.8438,114.56
3.8447,115.65
3.8457,113.62
3.8467,114.25
3.8477,114.35
3.8486,115.67
3.8496,114.05
3.8506,115.46
3.8516,114.09
3.8525,114.62
3.8535,114.6
3.8545,115.76
3.8555,113.44
3.8564,115.47
3.8574,116.21
3.8584,114.63
3.8594,114.5
3.8604,115.37
3.8613,115.44
3.8623,115.45
3.8633,115.37
3.8643,115.08
3.8652,113.92
3.8662,114.86
3.8672,114.47
3.8682,113.62
3.8691,113.78
3.8701,114.79
3.8711,114.77
3.8721,116.84
3.873,115.1
3.874,115.38
3.875,114.73
3.876,114.98
3.877,115.63
3.8779,115.61
3.8789,115.33
3.8799,114.51
3.8809,114.49
3.8818,114.71
3.8828,115.37
3.8838,114.54
3.8848,115.04
3.8857,115.18
3.8867,114.13
3.8877,114.21
3.8887,114.85
3.8896,114.86
3.8906,115.71
3.8916,115.56
3.8926,114.77
3.8936,114.9
3.8945,115.26
3.8955,114.57
3.8965,115.47
3.8975,115.53
3.8984,114.89
3.8994,115.76
3.9004,115.56
3.9014,114.79
3.9023,115.51
3.9033,113.21
3.9043,114.02
3.9053,116.01
3.9062,114.1
3.9072,113.66
3.9082,115.12
3.9092,114.52
3.9102,115.02
3.9111,114.18
3.9121,115
3.9131,115.17
3.9141,114.05
3.915,114.38
3.916,114.55
3.917,114.87
3.918,113.98
3.9189,115.16
3.9199,116.02
3.9209,115.81
3.9219,114.3
3.9229,115.36
3.9238,115.34
3.9248,115.56
3.9258,114.83
3.9268,115.14
3.9277,114.63
3.9287,114.19
3.9297,114.85
3.9307,115.3
3.9316,115.53
3.9326,115.28
3.9336,115.03
3.9346,114.96
3.9355,114.31
3.9365,114.09
3.9375,114.45
3.9385,115.13
3.9395,114.51
3.9404,114.35
3.9414,115.16
3.9424,114.8
3.9434,115.18
3.9443,115.06
3.9453,115
3.9463,114.04
3.9473,114.3
3.9482,114.68
3.9492,114.97
3.9502,115.54
3.9512,114.68
3.9521,114.93
3.9531,114.76
3.9541,115.05
3.9551,115.52
3.9561,114.92
3.957,114.62
3.958,114.61
3.959,114.76
3.96,114.05
3.9609,114.43
3.9619,115.99
3.9629,114.59
3.9639,113.92
3.9648,115.42
3.9658,114.41
3.9668,115.51
3.9678,116.57
3.9688,114.51
3.9697,115.53
3.9707,115.4
3.9717,114.74
3.9727,114.37
3.9736,114.56
3.9746,114.46
3.9756,115.42
3.9766,115.01
3.9775,114.06
3.9785,114.59
3.9795,116.09
3.9805,114.66
3.9814,115.88
3.9824,114.26
3.9834,115.18
3.9844,115.21
3.9854,113.82
3.9863,114.61
3.9873,114.64
3.9883,115.67
3.9893,115.54
3.9902,115.39
3.9912,115.05
3.9922,114.53
3.9932,115.3
3.9941,114.13
3.9951,114.72
3.9961,115.92
3.9971,114.96
3.998,116.04
3.999,114.51
4,115.65
4.001,114.44
4.002,114.92
4.0029,115.41
4.0039,115.29
4.0049,114.82
4.0059,114.35
4.0068,115.08
4.0078,113.25
4.0088,114.06
4.0098,114.13
4.0107,114.51
4.0117,115.22
4.0127,115.41
4.0137,114
4.0146,114.58
4.0156,115.71
4.0166,114.88
4.0176,115.16
4.0186,114.25
4.0195,115.09
4.0205,114.75
4.0215,114.44
4.0225,113.69
4.0234,114.6
4.0244,114.57
4.0254,115.19
4.0264,114.66
4.0273,113.25
4.0283,114.83
4.0293,116.2
4.0303,115.02
4.0312,114.68
4.0322,115.56
4.0332,114.84
4.0342,114.07
4.0352,115.03
4.0361,114.94
4.0371,114.57
4.0381,116.15
4.0391,114.64
4.04,113.89
4.041,115.63
4.042,114.7
4.043,114.08
4.0439,114.25
4.0449,114.67
4.0459,115.25
4.0469,115.35
4.0479,115.46
4.0488,115.7
4.0498,114.62
4.0508,114.65
4.0518,114.55
4.0527,114.61
4.0537,114.32
4.0547,114.96
4.0557,114.85
4.0566,115.06
4.0576,114.88
4.0586,113.82
4.0596,115.87
4.0605,113.37
4.0615,115.26
4.0625,114.24
4.0635,114.81
4.0645,114.83
4.0654,115.63
4.0664,115.02
4.0674,114.75
4.0684,114.99
4.0693,116.01
4.0703,115.54
4.0713,114.61
4.0723,115.09
4.0732,113.62
4.0742,114.39
4.0752,114.83
4.0762,114.58
4.0771,115.02
4.0781,115.39
4.0791,115.91
4.0801,114.23
4.0811,115.04
4.082,114.74
4.083,114.94
4.084,115.24
4.085,114.19
4.0859,114.89
4.0869,115.21
